date,equity,peak,dd,year,month
2021-08-19,20000.0,20000.0,0.0,2021,2021-08
2021-08-20,20000.0,20000.0,0.0,2021,2021-08
2021-08-23,20000.0,20000.0,0.0,2021,2021-08
2021-08-24,20000.0,20000.0,0.0,2021,2021-08
2021-08-25,20000.0,20000.0,0.0,2021,2021-08
2021-08-26,20000.0,20000.0,0.0,2021,2021-08
2021-08-27,20000.0,20000.0,0.0,2021,2021-08
2021-08-30,20000.0,20000.0,0.0,2021,2021-08
2021-08-31,20000.0,20000.0,0.0,2021,2021-08
2021-09-01,20000.0,20000.0,0.0,2021,2021-09
2021-09-02,20000.0,20000.0,0.0,2021,2021-09
2021-09-03,20000.0,20000.0,0.0,2021,2021-09
2021-09-06,20000.0,20000.0,0.0,2021,2021-09
2021-09-07,20000.0,20000.0,0.0,2021,2021-09
2021-09-08,20000.0,20000.0,0.0,2021,2021-09
2021-09-09,20000.0,20000.0,0.0,2021,2021-09
2021-09-10,20000.0,20000.0,0.0,2021,2021-09
2021-09-13,20000.0,20000.0,0.0,2021,2021-09
2021-09-14,20000.0,20000.0,0.0,2021,2021-09
2021-09-15,20000.0,20000.0,0.0,2021,2021-09
2021-09-16,20000.0,20000.0,0.0,2021,2021-09
2021-09-17,20000.0,20000.0,0.0,2021,2021-09
2021-09-21,20000.0,20000.0,0.0,2021,2021-09
2021-09-22,20000.0,20000.0,0.0,2021,2021-09
2021-09-24,20000.0,20000.0,0.0,2021,2021-09
2021-09-27,20000.0,20000.0,0.0,2021,2021-09
2021-09-28,20000.0,20000.0,0.0,2021,2021-09
2021-09-29,20000.0,20000.0,0.0,2021,2021-09
2021-09-30,20000.0,20000.0,0.0,2021,2021-09
2021-10-01,20000.0,20000.0,0.0,2021,2021-10
2021-10-04,20000.0,20000.0,0.0,2021,2021-10
2021-10-05,20000.0,20000.0,0.0,2021,2021-10
2021-10-06,20000.0,20000.0,0.0,2021,2021-10
2021-10-07,20000.0,20000.0,0.0,2021,2021-10
2021-10-08,20000.0,20000.0,0.0,2021,2021-10
2021-10-11,20000.0,20000.0,0.0,2021,2021-10
2021-10-12,20000.0,20000.0,0.0,2021,2021-10
2021-10-13,20000.0,20000.0,0.0,2021,2021-10
2021-10-14,20000.0,20000.0,0.0,2021,2021-10
2021-10-15,20000.0,20000.0,0.0,2021,2021-10
2021-10-18,20000.0,20000.0,0.0,2021,2021-10
2021-10-19,20000.0,20000.0,0.0,2021,2021-10
2021-10-20,20000.0,20000.0,0.0,2021,2021-10
2021-10-21,20000.0,20000.0,0.0,2021,2021-10
2021-10-22,20000.0,20000.0,0.0,2021,2021-10
2021-10-25,20000.0,20000.0,0.0,2021,2021-10
2021-10-26,20000.0,20000.0,0.0,2021,2021-10
2021-10-27,20000.0,20000.0,0.0,2021,2021-10
2021-10-28,20000.0,20000.0,0.0,2021,2021-10
2021-10-29,20000.0,20000.0,0.0,2021,2021-10
2021-11-01,20000.0,20000.0,0.0,2021,2021-11
2021-11-02,20000.0,20000.0,0.0,2021,2021-11
2021-11-04,20000.0,20000.0,0.0,2021,2021-11
2021-11-05,20000.0,20000.0,0.0,2021,2021-11
2021-11-08,20000.0,20000.0,0.0,2021,2021-11
2021-11-09,20000.0,20000.0,0.0,2021,2021-11
2021-11-10,20000.0,20000.0,0.0,2021,2021-11
2021-11-11,20000.0,20000.0,0.0,2021,2021-11
2021-11-12,20000.0,20000.0,0.0,2021,2021-11
2021-11-15,20000.0,20000.0,0.0,2021,2021-11
2021-11-16,20000.0,20000.0,0.0,2021,2021-11
2021-11-17,20000.0,20000.0,0.0,2021,2021-11
2021-11-18,20000.0,20000.0,0.0,2021,2021-11
2021-11-19,20000.0,20000.0,0.0,2021,2021-11
2021-11-22,20000.0,20000.0,0.0,2021,2021-11
2021-11-24,20000.0,20000.0,0.0,2021,2021-11
2021-11-25,20000.0,20000.0,0.0,2021,2021-11
2021-11-26,20000.0,20000.0,0.0,2021,2021-11
2021-11-29,20000.0,20000.0,0.0,2021,2021-11
2021-11-30,20000.0,20000.0,0.0,2021,2021-11
2021-12-01,20000.0,20000.0,0.0,2021,2021-12
2021-12-02,20000.0,20000.0,0.0,2021,2021-12
2021-12-03,20000.0,20000.0,0.0,2021,2021-12
2021-12-06,20000.0,20000.0,0.0,2021,2021-12
2021-12-07,20000.0,20000.0,0.0,2021,2021-12
2021-12-08,20000.0,20000.0,0.0,2021,2021-12
2021-12-09,20000.0,20000.0,0.0,2021,2021-12
2021-12-10,20000.0,20000.0,0.0,2021,2021-12
2021-12-13,20000.0,20000.0,0.0,2021,2021-12
2021-12-14,20000.0,20000.0,0.0,2021,2021-12
2021-12-15,20000.0,20000.0,0.0,2021,2021-12
2021-12-16,20000.0,20000.0,0.0,2021,2021-12
2021-12-17,20000.0,20000.0,0.0,2021,2021-12
2021-12-20,20000.0,20000.0,0.0,2021,2021-12
2021-12-21,20000.0,20000.0,0.0,2021,2021-12
2021-12-22,20000.0,20000.0,0.0,2021,2021-12
2021-12-23,20000.0,20000.0,0.0,2021,2021-12
2021-12-24,20000.0,20000.0,0.0,2021,2021-12
2021-12-27,20000.0,20000.0,0.0,2021,2021-12
2021-12-28,20000.0,20000.0,0.0,2021,2021-12
2021-12-29,20000.0,20000.0,0.0,2021,2021-12
2021-12-30,20000.0,20000.0,0.0,2021,2021-12
2022-01-04,20000.0,20000.0,0.0,2022,2022-01
2022-01-05,20000.0,20000.0,0.0,2022,2022-01
2022-01-06,20000.0,20000.0,0.0,2022,2022-01
2022-01-07,20000.0,20000.0,0.0,2022,2022-01
2022-01-11,20000.0,20000.0,0.0,2022,2022-01
2022-01-12,20000.0,20000.0,0.0,2022,2022-01
2022-01-13,20000.0,20000.0,0.0,2022,2022-01
2022-01-14,20000.0,20000.0,0.0,2022,2022-01
2022-01-17,20000.0,20000.0,0.0,2022,2022-01
2022-01-18,20000.0,20000.0,0.0,2022,2022-01
2022-01-19,20000.0,20000.0,0.0,2022,2022-01
2022-01-20,20000.0,20000.0,0.0,2022,2022-01
2022-01-21,19541.544921875,20000.0,-0.022922753906249982,2022,2022-01
2022-01-24,19494.116943359375,20000.0,-0.02529415283203129,2022,2022-01
2022-01-25,19162.136474609375,20000.0,-0.04189317626953126,2022,2022-01
2022-01-26,19043.572021484375,20000.0,-0.0478213989257813,2022,2022-01
2022-01-27,18581.165161132812,20000.0,-0.07094174194335934,2022,2022-01
2022-01-28,18581.165161132812,20000.0,-0.07094174194335934,2022,2022-01
2022-01-31,18581.165161132812,20000.0,-0.07094174194335934,2022,2022-01
2022-02-01,18581.165161132812,20000.0,-0.07094174194335934,2022,2022-02
2022-02-02,18581.165161132812,20000.0,-0.07094174194335934,2022,2022-02
2022-02-03,18581.165161132812,20000.0,-0.07094174194335934,2022,2022-02
2022-02-04,18581.165161132812,20000.0,-0.07094174194335934,2022,2022-02
2022-02-07,18581.165161132812,20000.0,-0.07094174194335934,2022,2022-02
2022-02-08,18581.165161132812,20000.0,-0.07094174194335934,2022,2022-02
2022-02-09,18581.165161132812,20000.0,-0.07094174194335934,2022,2022-02
2022-02-10,18581.165161132812,20000.0,-0.07094174194335934,2022,2022-02
2022-02-14,18581.165161132812,20000.0,-0.07094174194335934,2022,2022-02
2022-02-15,18581.165161132812,20000.0,-0.07094174194335934,2022,2022-02
2022-02-16,18581.165161132812,20000.0,-0.07094174194335934,2022,2022-02
2022-02-17,18581.165161132812,20000.0,-0.07094174194335934,2022,2022-02
2022-02-18,18581.165161132812,20000.0,-0.07094174194335934,2022,2022-02
2022-02-21,18581.165161132812,20000.0,-0.07094174194335934,2022,2022-02
2022-02-22,18581.165161132812,20000.0,-0.07094174194335934,2022,2022-02
2022-02-24,18581.165161132812,20000.0,-0.07094174194335934,2022,2022-02
2022-02-25,18581.165161132812,20000.0,-0.07094174194335934,2022,2022-02
2022-02-28,18581.165161132812,20000.0,-0.07094174194335934,2022,2022-02
2022-03-01,18272.658081054688,20000.0,-0.08636709594726566,2022,2022-03
2022-03-02,18272.658081054688,20000.0,-0.08636709594726566,2022,2022-03
2022-03-03,18272.658081054688,20000.0,-0.08636709594726566,2022,2022-03
2022-03-04,18272.658081054688,20000.0,-0.08636709594726566,2022,2022-03
2022-03-07,18272.658081054688,20000.0,-0.08636709594726566,2022,2022-03
2022-03-08,18272.658081054688,20000.0,-0.08636709594726566,2022,2022-03
2022-03-09,18272.658081054688,20000.0,-0.08636709594726566,2022,2022-03
2022-03-10,18272.658081054688,20000.0,-0.08636709594726566,2022,2022-03
2022-03-11,18272.658081054688,20000.0,-0.08636709594726566,2022,2022-03
2022-03-14,18272.658081054688,20000.0,-0.08636709594726566,2022,2022-03
2022-03-15,18272.658081054688,20000.0,-0.08636709594726566,2022,2022-03
2022-03-16,18272.658081054688,20000.0,-0.08636709594726566,2022,2022-03
2022-03-17,18272.658081054688,20000.0,-0.08636709594726566,2022,2022-03
2022-03-18,18272.658081054688,20000.0,-0.08636709594726566,2022,2022-03
2022-03-22,18272.658081054688,20000.0,-0.08636709594726566,2022,2022-03
2022-03-23,18272.658081054688,20000.0,-0.08636709594726566,2022,2022-03
2022-03-24,18272.658081054688,20000.0,-0.08636709594726566,2022,2022-03
2022-03-25,18272.658081054688,20000.0,-0.08636709594726566,2022,2022-03
2022-03-28,18272.658081054688,20000.0,-0.08636709594726566,2022,2022-03
2022-03-29,18272.658081054688,20000.0,-0.08636709594726566,2022,2022-03
2022-03-30,18272.658081054688,20000.0,-0.08636709594726566,2022,2022-03
2022-03-31,18272.658081054688,20000.0,-0.08636709594726566,2022,2022-03
2022-04-01,18272.658081054688,20000.0,-0.08636709594726566,2022,2022-04
2022-04-04,18272.658081054688,20000.0,-0.08636709594726566,2022,2022-04
2022-04-05,18272.658081054688,20000.0,-0.08636709594726566,2022,2022-04
2022-04-06,18272.658081054688,20000.0,-0.08636709594726566,2022,2022-04
2022-04-07,18272.658081054688,20000.0,-0.08636709594726566,2022,2022-04
2022-04-08,18272.658081054688,20000.0,-0.08636709594726566,2022,2022-04
2022-04-11,18272.658081054688,20000.0,-0.08636709594726566,2022,2022-04
2022-04-12,18272.658081054688,20000.0,-0.08636709594726566,2022,2022-04
2022-04-13,18272.658081054688,20000.0,-0.08636709594726566,2022,2022-04
2022-04-14,18272.658081054688,20000.0,-0.08636709594726566,2022,2022-04
2022-04-15,18272.658081054688,20000.0,-0.08636709594726566,2022,2022-04
2022-04-18,18272.658081054688,20000.0,-0.08636709594726566,2022,2022-04
2022-04-19,18272.658081054688,20000.0,-0.08636709594726566,2022,2022-04
2022-04-20,18272.658081054688,20000.0,-0.08636709594726566,2022,2022-04
2022-04-21,18272.658081054688,20000.0,-0.08636709594726566,2022,2022-04
2022-04-22,18272.658081054688,20000.0,-0.08636709594726566,2022,2022-04
2022-04-25,18272.658081054688,20000.0,-0.08636709594726566,2022,2022-04
2022-04-26,18272.658081054688,20000.0,-0.08636709594726566,2022,2022-04
2022-04-27,18272.658081054688,20000.0,-0.08636709594726566,2022,2022-04
2022-04-28,18272.658081054688,20000.0,-0.08636709594726566,2022,2022-04
2022-05-02,18272.658081054688,20000.0,-0.08636709594726566,2022,2022-05
2022-05-06,18272.658081054688,20000.0,-0.08636709594726566,2022,2022-05
2022-05-09,18272.658081054688,20000.0,-0.08636709594726566,2022,2022-05
2022-05-10,18272.658081054688,20000.0,-0.08636709594726566,2022,2022-05
2022-05-11,18272.658081054688,20000.0,-0.08636709594726566,2022,2022-05
2022-05-12,18272.658081054688,20000.0,-0.08636709594726566,2022,2022-05
2022-05-13,18272.658081054688,20000.0,-0.08636709594726566,2022,2022-05
2022-05-16,18272.658081054688,20000.0,-0.08636709594726566,2022,2022-05
2022-05-17,18272.658081054688,20000.0,-0.08636709594726566,2022,2022-05
2022-05-18,18272.658081054688,20000.0,-0.08636709594726566,2022,2022-05
2022-05-19,18272.658081054688,20000.0,-0.08636709594726566,2022,2022-05
2022-05-20,18272.658081054688,20000.0,-0.08636709594726566,2022,2022-05
2022-05-23,18272.658081054688,20000.0,-0.08636709594726566,2022,2022-05
2022-05-24,18272.658081054688,20000.0,-0.08636709594726566,2022,2022-05
2022-05-25,18272.658081054688,20000.0,-0.08636709594726566,2022,2022-05
2022-05-26,18272.658081054688,20000.0,-0.08636709594726566,2022,2022-05
2022-05-27,18272.658081054688,20000.0,-0.08636709594726566,2022,2022-05
2022-05-30,18272.658081054688,20000.0,-0.08636709594726566,2022,2022-05
2022-05-31,18272.658081054688,20000.0,-0.08636709594726566,2022,2022-05
2022-06-01,18272.658081054688,20000.0,-0.08636709594726566,2022,2022-06
2022-06-02,18272.658081054688,20000.0,-0.08636709594726566,2022,2022-06
2022-06-03,18272.658081054688,20000.0,-0.08636709594726566,2022,2022-06
2022-06-06,18272.658081054688,20000.0,-0.08636709594726566,2022,2022-06
2022-06-07,18272.658081054688,20000.0,-0.08636709594726566,2022,2022-06
2022-06-08,18272.658081054688,20000.0,-0.08636709594726566,2022,2022-06
2022-06-09,18272.658081054688,20000.0,-0.08636709594726566,2022,2022-06
2022-06-10,18272.658081054688,20000.0,-0.08636709594726566,2022,2022-06
2022-06-13,18272.658081054688,20000.0,-0.08636709594726566,2022,2022-06
2022-06-14,18272.658081054688,20000.0,-0.08636709594726566,2022,2022-06
2022-06-15,18272.658081054688,20000.0,-0.08636709594726566,2022,2022-06
2022-06-16,18272.658081054688,20000.0,-0.08636709594726566,2022,2022-06
2022-06-17,18272.658081054688,20000.0,-0.08636709594726566,2022,2022-06
2022-06-20,18272.658081054688,20000.0,-0.08636709594726566,2022,2022-06
2022-06-21,18272.658081054688,20000.0,-0.08636709594726566,2022,2022-06
2022-06-22,18272.658081054688,20000.0,-0.08636709594726566,2022,2022-06
2022-06-23,18272.658081054688,20000.0,-0.08636709594726566,2022,2022-06
2022-06-24,18272.658081054688,20000.0,-0.08636709594726566,2022,2022-06
2022-06-27,18272.658081054688,20000.0,-0.08636709594726566,2022,2022-06
2022-06-28,18272.658081054688,20000.0,-0.08636709594726566,2022,2022-06
2022-06-29,18272.658081054688,20000.0,-0.08636709594726566,2022,2022-06
2022-06-30,18272.658081054688,20000.0,-0.08636709594726566,2022,2022-06
2022-07-01,18272.658081054688,20000.0,-0.08636709594726566,2022,2022-07
2022-07-04,18272.658081054688,20000.0,-0.08636709594726566,2022,2022-07
2022-07-05,18272.658081054688,20000.0,-0.08636709594726566,2022,2022-07
2022-07-06,18272.658081054688,20000.0,-0.08636709594726566,2022,2022-07
2022-07-07,18272.658081054688,20000.0,-0.08636709594726566,2022,2022-07
2022-07-08,18272.658081054688,20000.0,-0.08636709594726566,2022,2022-07
2022-07-11,18272.658081054688,20000.0,-0.08636709594726566,2022,2022-07
2022-07-12,18272.658081054688,20000.0,-0.08636709594726566,2022,2022-07
2022-07-13,18272.658081054688,20000.0,-0.08636709594726566,2022,2022-07
2022-07-14,18272.658081054688,20000.0,-0.08636709594726566,2022,2022-07
2022-07-15,18272.658081054688,20000.0,-0.08636709594726566,2022,2022-07
2022-07-19,18272.658081054688,20000.0,-0.08636709594726566,2022,2022-07
2022-07-20,18272.658081054688,20000.0,-0.08636709594726566,2022,2022-07
2022-07-21,18272.658081054688,20000.0,-0.08636709594726566,2022,2022-07
2022-07-22,18272.658081054688,20000.0,-0.08636709594726566,2022,2022-07
2022-07-25,18272.658081054688,20000.0,-0.08636709594726566,2022,2022-07
2022-07-26,18272.658081054688,20000.0,-0.08636709594726566,2022,2022-07
2022-07-27,18272.658081054688,20000.0,-0.08636709594726566,2022,2022-07
2022-07-28,18272.658081054688,20000.0,-0.08636709594726566,2022,2022-07
2022-07-29,18272.658081054688,20000.0,-0.08636709594726566,2022,2022-07
2022-08-01,18272.658081054688,20000.0,-0.08636709594726566,2022,2022-08
2022-08-02,18272.658081054688,20000.0,-0.08636709594726566,2022,2022-08
2022-08-03,18272.658081054688,20000.0,-0.08636709594726566,2022,2022-08
2022-08-04,18272.658081054688,20000.0,-0.08636709594726566,2022,2022-08
2022-08-05,18272.658081054688,20000.0,-0.08636709594726566,2022,2022-08
2022-08-08,18272.658081054688,20000.0,-0.08636709594726566,2022,2022-08
2022-08-09,18272.658081054688,20000.0,-0.08636709594726566,2022,2022-08
2022-08-10,18272.658081054688,20000.0,-0.08636709594726566,2022,2022-08
2022-08-12,18272.658081054688,20000.0,-0.08636709594726566,2022,2022-08
2022-08-15,18272.658081054688,20000.0,-0.08636709594726566,2022,2022-08
2022-08-16,18272.658081054688,20000.0,-0.08636709594726566,2022,2022-08
2022-08-17,18272.658081054688,20000.0,-0.08636709594726566,2022,2022-08
2022-08-18,18272.658081054688,20000.0,-0.08636709594726566,2022,2022-08
2022-08-19,18272.658081054688,20000.0,-0.08636709594726566,2022,2022-08
2022-08-22,18272.658081054688,20000.0,-0.08636709594726566,2022,2022-08
2022-08-23,18272.658081054688,20000.0,-0.08636709594726566,2022,2022-08
2022-08-24,18272.658081054688,20000.0,-0.08636709594726566,2022,2022-08
2022-08-25,18272.658081054688,20000.0,-0.08636709594726566,2022,2022-08
2022-08-26,18272.658081054688,20000.0,-0.08636709594726566,2022,2022-08
2022-08-29,18272.658081054688,20000.0,-0.08636709594726566,2022,2022-08
2022-08-30,18272.658081054688,20000.0,-0.08636709594726566,2022,2022-08
2022-08-31,18272.658081054688,20000.0,-0.08636709594726566,2022,2022-08
2022-09-01,18272.658081054688,20000.0,-0.08636709594726566,2022,2022-09
2022-09-02,18272.658081054688,20000.0,-0.08636709594726566,2022,2022-09
2022-09-05,18272.658081054688,20000.0,-0.08636709594726566,2022,2022-09
2022-09-06,18272.658081054688,20000.0,-0.08636709594726566,2022,2022-09
2022-09-07,18272.658081054688,20000.0,-0.08636709594726566,2022,2022-09
2022-09-08,18272.658081054688,20000.0,-0.08636709594726566,2022,2022-09
2022-09-09,18272.658081054688,20000.0,-0.08636709594726566,2022,2022-09
2022-09-12,18272.658081054688,20000.0,-0.08636709594726566,2022,2022-09
2022-09-13,18272.658081054688,20000.0,-0.08636709594726566,2022,2022-09
2022-09-14,18272.658081054688,20000.0,-0.08636709594726566,2022,2022-09
2022-09-15,18272.658081054688,20000.0,-0.08636709594726566,2022,2022-09
2022-09-16,18272.658081054688,20000.0,-0.08636709594726566,2022,2022-09
2022-09-20,18272.658081054688,20000.0,-0.08636709594726566,2022,2022-09
2022-09-21,18272.658081054688,20000.0,-0.08636709594726566,2022,2022-09
2022-09-22,18272.658081054688,20000.0,-0.08636709594726566,2022,2022-09
2022-09-26,18272.658081054688,20000.0,-0.08636709594726566,2022,2022-09
2022-09-27,18272.658081054688,20000.0,-0.08636709594726566,2022,2022-09
2022-09-28,18272.658081054688,20000.0,-0.08636709594726566,2022,2022-09
2022-09-29,18272.658081054688,20000.0,-0.08636709594726566,2022,2022-09
2022-09-30,18272.658081054688,20000.0,-0.08636709594726566,2022,2022-09
2022-10-03,18272.658081054688,20000.0,-0.08636709594726566,2022,2022-10
2022-10-04,18272.658081054688,20000.0,-0.08636709594726566,2022,2022-10
2022-10-05,18272.658081054688,20000.0,-0.08636709594726566,2022,2022-10
2022-10-06,18272.658081054688,20000.0,-0.08636709594726566,2022,2022-10
2022-10-07,18272.658081054688,20000.0,-0.08636709594726566,2022,2022-10
2022-10-11,18272.658081054688,20000.0,-0.08636709594726566,2022,2022-10
2022-10-12,18272.658081054688,20000.0,-0.08636709594726566,2022,2022-10
2022-10-13,18272.658081054688,20000.0,-0.08636709594726566,2022,2022-10
2022-10-14,18272.658081054688,20000.0,-0.08636709594726566,2022,2022-10
2022-10-17,18272.658081054688,20000.0,-0.08636709594726566,2022,2022-10
2022-10-18,18272.658081054688,20000.0,-0.08636709594726566,2022,2022-10
2022-10-19,18272.658081054688,20000.0,-0.08636709594726566,2022,2022-10
2022-10-20,18272.658081054688,20000.0,-0.08636709594726566,2022,2022-10
2022-10-21,18272.658081054688,20000.0,-0.08636709594726566,2022,2022-10
2022-10-24,18272.658081054688,20000.0,-0.08636709594726566,2022,2022-10
2022-10-25,18272.658081054688,20000.0,-0.08636709594726566,2022,2022-10
2022-10-26,18272.658081054688,20000.0,-0.08636709594726566,2022,2022-10
2022-10-27,18272.658081054688,20000.0,-0.08636709594726566,2022,2022-10
2022-10-28,18272.658081054688,20000.0,-0.08636709594726566,2022,2022-10
2022-10-31,18272.658081054688,20000.0,-0.08636709594726566,2022,2022-10
2022-11-01,18272.658081054688,20000.0,-0.08636709594726566,2022,2022-11
2022-11-02,18272.658081054688,20000.0,-0.08636709594726566,2022,2022-11
2022-11-04,18272.658081054688,20000.0,-0.08636709594726566,2022,2022-11
2022-11-07,18272.658081054688,20000.0,-0.08636709594726566,2022,2022-11
2022-11-08,18272.658081054688,20000.0,-0.08636709594726566,2022,2022-11
2022-11-09,18272.658081054688,20000.0,-0.08636709594726566,2022,2022-11
2022-11-10,18272.658081054688,20000.0,-0.08636709594726566,2022,2022-11
2022-11-11,18272.658081054688,20000.0,-0.08636709594726566,2022,2022-11
2022-11-14,18272.658081054688,20000.0,-0.08636709594726566,2022,2022-11
2022-11-15,18272.658081054688,20000.0,-0.08636709594726566,2022,2022-11
2022-11-16,18272.658081054688,20000.0,-0.08636709594726566,2022,2022-11
2022-11-17,18272.658081054688,20000.0,-0.08636709594726566,2022,2022-11
2022-11-18,18272.658081054688,20000.0,-0.08636709594726566,2022,2022-11
2022-11-21,18272.658081054688,20000.0,-0.08636709594726566,2022,2022-11
2022-11-22,18272.658081054688,20000.0,-0.08636709594726566,2022,2022-11
2022-11-24,18272.658081054688,20000.0,-0.08636709594726566,2022,2022-11
2022-11-25,18272.658081054688,20000.0,-0.08636709594726566,2022,2022-11
2022-11-28,18272.658081054688,20000.0,-0.08636709594726566,2022,2022-11
2022-11-29,18272.658081054688,20000.0,-0.08636709594726566,2022,2022-11
2022-11-30,18272.658081054688,20000.0,-0.08636709594726566,2022,2022-11
2022-12-01,18272.658081054688,20000.0,-0.08636709594726566,2022,2022-12
2022-12-02,18272.658081054688,20000.0,-0.08636709594726566,2022,2022-12
2022-12-05,18272.658081054688,20000.0,-0.08636709594726566,2022,2022-12
2022-12-06,18272.658081054688,20000.0,-0.08636709594726566,2022,2022-12
2022-12-07,18272.658081054688,20000.0,-0.08636709594726566,2022,2022-12
2022-12-08,18272.658081054688,20000.0,-0.08636709594726566,2022,2022-12
2022-12-09,18272.658081054688,20000.0,-0.08636709594726566,2022,2022-12
2022-12-12,18272.658081054688,20000.0,-0.08636709594726566,2022,2022-12
2022-12-13,18272.658081054688,20000.0,-0.08636709594726566,2022,2022-12
2022-12-14,18272.658081054688,20000.0,-0.08636709594726566,2022,2022-12
2022-12-15,18272.658081054688,20000.0,-0.08636709594726566,2022,2022-12
2022-12-16,18272.658081054688,20000.0,-0.08636709594726566,2022,2022-12
2022-12-19,18272.658081054688,20000.0,-0.08636709594726566,2022,2022-12
2022-12-20,18272.658081054688,20000.0,-0.08636709594726566,2022,2022-12
2022-12-21,18272.658081054688,20000.0,-0.08636709594726566,2022,2022-12
2022-12-22,18272.658081054688,20000.0,-0.08636709594726566,2022,2022-12
2022-12-23,18272.658081054688,20000.0,-0.08636709594726566,2022,2022-12
2022-12-26,18272.658081054688,20000.0,-0.08636709594726566,2022,2022-12
2022-12-27,18272.658081054688,20000.0,-0.08636709594726566,2022,2022-12
2022-12-28,18272.658081054688,20000.0,-0.08636709594726566,2022,2022-12
2022-12-29,18272.658081054688,20000.0,-0.08636709594726566,2022,2022-12
2022-12-30,18272.658081054688,20000.0,-0.08636709594726566,2022,2022-12
2023-01-04,18272.658081054688,20000.0,-0.08636709594726566,2023,2023-01
2023-01-05,18272.658081054688,20000.0,-0.08636709594726566,2023,2023-01
2023-01-06,18272.658081054688,20000.0,-0.08636709594726566,2023,2023-01
2023-01-10,18272.658081054688,20000.0,-0.08636709594726566,2023,2023-01
2023-01-11,18272.658081054688,20000.0,-0.08636709594726566,2023,2023-01
2023-01-12,18272.658081054688,20000.0,-0.08636709594726566,2023,2023-01
2023-01-13,18272.658081054688,20000.0,-0.08636709594726566,2023,2023-01
2023-01-16,18272.658081054688,20000.0,-0.08636709594726566,2023,2023-01
2023-01-17,18272.658081054688,20000.0,-0.08636709594726566,2023,2023-01
2023-01-18,18272.658081054688,20000.0,-0.08636709594726566,2023,2023-01
2023-01-19,18272.658081054688,20000.0,-0.08636709594726566,2023,2023-01
2023-01-20,18272.658081054688,20000.0,-0.08636709594726566,2023,2023-01
2023-01-23,18272.658081054688,20000.0,-0.08636709594726566,2023,2023-01
2023-01-24,18272.658081054688,20000.0,-0.08636709594726566,2023,2023-01
2023-01-25,18272.658081054688,20000.0,-0.08636709594726566,2023,2023-01
2023-01-26,18272.658081054688,20000.0,-0.08636709594726566,2023,2023-01
2023-01-27,18272.658081054688,20000.0,-0.08636709594726566,2023,2023-01
2023-01-30,18272.658081054688,20000.0,-0.08636709594726566,2023,2023-01
2023-01-31,18272.658081054688,20000.0,-0.08636709594726566,2023,2023-01
2023-02-01,18272.658081054688,20000.0,-0.08636709594726566,2023,2023-02
2023-02-02,18272.658081054688,20000.0,-0.08636709594726566,2023,2023-02
2023-02-03,18272.658081054688,20000.0,-0.08636709594726566,2023,2023-02
2023-02-06,18272.658081054688,20000.0,-0.08636709594726566,2023,2023-02
2023-02-07,18272.658081054688,20000.0,-0.08636709594726566,2023,2023-02
2023-02-08,18272.658081054688,20000.0,-0.08636709594726566,2023,2023-02
2023-02-09,18272.658081054688,20000.0,-0.08636709594726566,2023,2023-02
2023-02-10,18272.658081054688,20000.0,-0.08636709594726566,2023,2023-02
2023-02-13,18272.658081054688,20000.0,-0.08636709594726566,2023,2023-02
2023-02-14,18272.658081054688,20000.0,-0.08636709594726566,2023,2023-02
2023-02-15,18272.658081054688,20000.0,-0.08636709594726566,2023,2023-02
2023-02-16,18272.658081054688,20000.0,-0.08636709594726566,2023,2023-02
2023-02-17,18272.658081054688,20000.0,-0.08636709594726566,2023,2023-02
2023-02-20,18272.658081054688,20000.0,-0.08636709594726566,2023,2023-02
2023-02-21,18272.658081054688,20000.0,-0.08636709594726566,2023,2023-02
2023-02-22,18272.658081054688,20000.0,-0.08636709594726566,2023,2023-02
2023-02-24,18272.658081054688,20000.0,-0.08636709594726566,2023,2023-02
2023-02-27,18272.658081054688,20000.0,-0.08636709594726566,2023,2023-02
2023-02-28,18272.658081054688,20000.0,-0.08636709594726566,2023,2023-02
2023-03-01,18272.658081054688,20000.0,-0.08636709594726566,2023,2023-03
2023-03-02,18272.658081054688,20000.0,-0.08636709594726566,2023,2023-03
2023-03-03,18272.658081054688,20000.0,-0.08636709594726566,2023,2023-03
2023-03-06,18272.658081054688,20000.0,-0.08636709594726566,2023,2023-03
2023-03-07,18272.658081054688,20000.0,-0.08636709594726566,2023,2023-03
2023-03-08,18272.658081054688,20000.0,-0.08636709594726566,2023,2023-03
2023-03-09,18272.658081054688,20000.0,-0.08636709594726566,2023,2023-03
2023-03-10,18272.658081054688,20000.0,-0.08636709594726566,2023,2023-03
2023-03-13,18272.658081054688,20000.0,-0.08636709594726566,2023,2023-03
2023-03-14,18272.658081054688,20000.0,-0.08636709594726566,2023,2023-03
2023-03-15,18272.658081054688,20000.0,-0.08636709594726566,2023,2023-03
2023-03-16,18272.658081054688,20000.0,-0.08636709594726566,2023,2023-03
2023-03-17,18272.658081054688,20000.0,-0.08636709594726566,2023,2023-03
2023-03-20,18272.658081054688,20000.0,-0.08636709594726566,2023,2023-03
2023-03-22,18272.658081054688,20000.0,-0.08636709594726566,2023,2023-03
2023-03-23,18272.658081054688,20000.0,-0.08636709594726566,2023,2023-03
2023-03-24,18272.658081054688,20000.0,-0.08636709594726566,2023,2023-03
2023-03-27,18272.658081054688,20000.0,-0.08636709594726566,2023,2023-03
2023-03-28,18272.658081054688,20000.0,-0.08636709594726566,2023,2023-03
2023-03-29,18272.658081054688,20000.0,-0.08636709594726566,2023,2023-03
2023-03-30,18272.658081054688,20000.0,-0.08636709594726566,2023,2023-03
2023-03-31,18272.658081054688,20000.0,-0.08636709594726566,2023,2023-03
2023-04-03,18272.658081054688,20000.0,-0.08636709594726566,2023,2023-04
2023-04-04,18272.658081054688,20000.0,-0.08636709594726566,2023,2023-04
2023-04-05,18272.658081054688,20000.0,-0.08636709594726566,2023,2023-04
2023-04-06,18272.658081054688,20000.0,-0.08636709594726566,2023,2023-04
2023-04-07,18272.658081054688,20000.0,-0.08636709594726566,2023,2023-04
2023-04-10,18272.658081054688,20000.0,-0.08636709594726566,2023,2023-04
2023-04-11,18272.658081054688,20000.0,-0.08636709594726566,2023,2023-04
2023-04-12,18272.658081054688,20000.0,-0.08636709594726566,2023,2023-04
2023-04-13,18272.658081054688,20000.0,-0.08636709594726566,2023,2023-04
2023-04-14,18272.658081054688,20000.0,-0.08636709594726566,2023,2023-04
2023-04-17,18272.658081054688,20000.0,-0.08636709594726566,2023,2023-04
2023-04-18,18272.658081054688,20000.0,-0.08636709594726566,2023,2023-04
2023-04-19,18272.658081054688,20000.0,-0.08636709594726566,2023,2023-04
2023-04-20,18272.658081054688,20000.0,-0.08636709594726566,2023,2023-04
2023-04-21,18456.806518554688,20000.0,-0.07715967407226565,2023,2023-04
2023-04-24,18173.502807617188,20000.0,-0.09132485961914061,2023,2023-04
2023-04-25,18173.502807617188,20000.0,-0.09132485961914061,2023,2023-04
2023-04-26,18173.502807617188,20000.0,-0.09132485961914061,2023,2023-04
2023-04-27,18173.502807617188,20000.0,-0.09132485961914061,2023,2023-04
2023-04-28,18173.502807617188,20000.0,-0.09132485961914061,2023,2023-04
2023-05-01,18173.502807617188,20000.0,-0.09132485961914061,2023,2023-05
2023-05-02,18173.502807617188,20000.0,-0.09132485961914061,2023,2023-05
2023-05-08,18173.502807617188,20000.0,-0.09132485961914061,2023,2023-05
2023-05-09,18173.502807617188,20000.0,-0.09132485961914061,2023,2023-05
2023-05-10,18173.502807617188,20000.0,-0.09132485961914061,2023,2023-05
2023-05-11,18173.502807617188,20000.0,-0.09132485961914061,2023,2023-05
2023-05-12,18173.502807617188,20000.0,-0.09132485961914061,2023,2023-05
2023-05-15,18173.502807617188,20000.0,-0.09132485961914061,2023,2023-05
2023-05-16,18173.502807617188,20000.0,-0.09132485961914061,2023,2023-05
2023-05-17,18173.502807617188,20000.0,-0.09132485961914061,2023,2023-05
2023-05-18,18173.502807617188,20000.0,-0.09132485961914061,2023,2023-05
2023-05-19,18173.502807617188,20000.0,-0.09132485961914061,2023,2023-05
2023-05-22,18173.502807617188,20000.0,-0.09132485961914061,2023,2023-05
2023-05-23,18173.502807617188,20000.0,-0.09132485961914061,2023,2023-05
2023-05-24,18173.502807617188,20000.0,-0.09132485961914061,2023,2023-05
2023-05-25,18173.502807617188,20000.0,-0.09132485961914061,2023,2023-05
2023-05-26,18173.502807617188,20000.0,-0.09132485961914061,2023,2023-05
2023-05-29,18173.502807617188,20000.0,-0.09132485961914061,2023,2023-05
2023-05-30,18173.502807617188,20000.0,-0.09132485961914061,2023,2023-05
2023-05-31,18173.502807617188,20000.0,-0.09132485961914061,2023,2023-05
2023-06-01,18173.502807617188,20000.0,-0.09132485961914061,2023,2023-06
2023-06-02,18173.502807617188,20000.0,-0.09132485961914061,2023,2023-06
2023-06-05,18173.502807617188,20000.0,-0.09132485961914061,2023,2023-06
2023-06-06,18173.502807617188,20000.0,-0.09132485961914061,2023,2023-06
2023-06-07,18173.502807617188,20000.0,-0.09132485961914061,2023,2023-06
2023-06-08,18173.502807617188,20000.0,-0.09132485961914061,2023,2023-06
2023-06-09,18173.502807617188,20000.0,-0.09132485961914061,2023,2023-06
2023-06-12,18173.502807617188,20000.0,-0.09132485961914061,2023,2023-06
2023-06-13,18173.502807617188,20000.0,-0.09132485961914061,2023,2023-06
2023-06-14,18173.502807617188,20000.0,-0.09132485961914061,2023,2023-06
2023-06-15,18173.502807617188,20000.0,-0.09132485961914061,2023,2023-06
2023-06-16,18173.502807617188,20000.0,-0.09132485961914061,2023,2023-06
2023-06-19,18173.502807617188,20000.0,-0.09132485961914061,2023,2023-06
2023-06-20,18173.502807617188,20000.0,-0.09132485961914061,2023,2023-06
2023-06-21,18173.502807617188,20000.0,-0.09132485961914061,2023,2023-06
2023-06-22,18173.502807617188,20000.0,-0.09132485961914061,2023,2023-06
2023-06-23,18173.502807617188,20000.0,-0.09132485961914061,2023,2023-06
2023-06-26,18173.502807617188,20000.0,-0.09132485961914061,2023,2023-06
2023-06-27,18173.502807617188,20000.0,-0.09132485961914061,2023,2023-06
2023-06-28,18173.502807617188,20000.0,-0.09132485961914061,2023,2023-06
2023-06-29,18173.502807617188,20000.0,-0.09132485961914061,2023,2023-06
2023-06-30,18173.502807617188,20000.0,-0.09132485961914061,2023,2023-06
2023-07-03,18173.502807617188,20000.0,-0.09132485961914061,2023,2023-07
2023-07-04,18173.502807617188,20000.0,-0.09132485961914061,2023,2023-07
2023-07-05,18173.502807617188,20000.0,-0.09132485961914061,2023,2023-07
2023-07-06,18173.502807617188,20000.0,-0.09132485961914061,2023,2023-07
2023-07-07,18173.502807617188,20000.0,-0.09132485961914061,2023,2023-07
2023-07-10,18173.502807617188,20000.0,-0.09132485961914061,2023,2023-07
2023-07-11,18173.502807617188,20000.0,-0.09132485961914061,2023,2023-07
2023-07-12,18173.502807617188,20000.0,-0.09132485961914061,2023,2023-07
2023-07-13,18173.502807617188,20000.0,-0.09132485961914061,2023,2023-07
2023-07-14,18173.502807617188,20000.0,-0.09132485961914061,2023,2023-07
2023-07-18,18173.502807617188,20000.0,-0.09132485961914061,2023,2023-07
2023-07-19,18173.502807617188,20000.0,-0.09132485961914061,2023,2023-07
2023-07-20,18173.502807617188,20000.0,-0.09132485961914061,2023,2023-07
2023-07-21,18173.502807617188,20000.0,-0.09132485961914061,2023,2023-07
2023-07-24,18173.502807617188,20000.0,-0.09132485961914061,2023,2023-07
2023-07-25,18173.502807617188,20000.0,-0.09132485961914061,2023,2023-07
2023-07-26,18173.502807617188,20000.0,-0.09132485961914061,2023,2023-07
2023-07-27,18173.502807617188,20000.0,-0.09132485961914061,2023,2023-07
2023-07-28,18173.502807617188,20000.0,-0.09132485961914061,2023,2023-07
2023-07-31,18173.502807617188,20000.0,-0.09132485961914061,2023,2023-07
2023-08-01,18173.502807617188,20000.0,-0.09132485961914061,2023,2023-08
2023-08-02,18173.502807617188,20000.0,-0.09132485961914061,2023,2023-08
2023-08-03,18173.502807617188,20000.0,-0.09132485961914061,2023,2023-08
2023-08-04,18173.502807617188,20000.0,-0.09132485961914061,2023,2023-08
2023-08-07,18173.502807617188,20000.0,-0.09132485961914061,2023,2023-08
2023-08-08,18173.502807617188,20000.0,-0.09132485961914061,2023,2023-08
2023-08-09,18173.502807617188,20000.0,-0.09132485961914061,2023,2023-08
2023-08-10,18173.502807617188,20000.0,-0.09132485961914061,2023,2023-08
2023-08-14,18173.502807617188,20000.0,-0.09132485961914061,2023,2023-08
2023-08-15,18173.502807617188,20000.0,-0.09132485961914061,2023,2023-08
2023-08-16,18173.502807617188,20000.0,-0.09132485961914061,2023,2023-08
2023-08-17,18173.502807617188,20000.0,-0.09132485961914061,2023,2023-08
2023-08-18,18173.502807617188,20000.0,-0.09132485961914061,2023,2023-08
2023-08-21,18173.502807617188,20000.0,-0.09132485961914061,2023,2023-08
2023-08-22,18173.502807617188,20000.0,-0.09132485961914061,2023,2023-08
2023-08-23,18173.502807617188,20000.0,-0.09132485961914061,2023,2023-08
2023-08-24,18173.502807617188,20000.0,-0.09132485961914061,2023,2023-08
2023-08-25,18173.502807617188,20000.0,-0.09132485961914061,2023,2023-08
2023-08-28,18173.502807617188,20000.0,-0.09132485961914061,2023,2023-08
2023-08-29,18173.502807617188,20000.0,-0.09132485961914061,2023,2023-08
2023-08-30,18173.502807617188,20000.0,-0.09132485961914061,2023,2023-08
2023-08-31,18173.502807617188,20000.0,-0.09132485961914061,2023,2023-08
2023-09-01,18173.502807617188,20000.0,-0.09132485961914061,2023,2023-09
2023-09-04,18173.502807617188,20000.0,-0.09132485961914061,2023,2023-09
2023-09-05,18173.502807617188,20000.0,-0.09132485961914061,2023,2023-09
2023-09-06,18173.502807617188,20000.0,-0.09132485961914061,2023,2023-09
2023-09-07,18173.502807617188,20000.0,-0.09132485961914061,2023,2023-09
2023-09-08,18173.502807617188,20000.0,-0.09132485961914061,2023,2023-09
2023-09-11,18173.502807617188,20000.0,-0.09132485961914061,2023,2023-09
2023-09-12,18173.502807617188,20000.0,-0.09132485961914061,2023,2023-09
2023-09-13,18173.502807617188,20000.0,-0.09132485961914061,2023,2023-09
2023-09-14,18173.502807617188,20000.0,-0.09132485961914061,2023,2023-09
2023-09-15,18173.502807617188,20000.0,-0.09132485961914061,2023,2023-09
2023-09-19,18173.502807617188,20000.0,-0.09132485961914061,2023,2023-09
2023-09-20,18173.502807617188,20000.0,-0.09132485961914061,2023,2023-09
2023-09-21,18173.502807617188,20000.0,-0.09132485961914061,2023,2023-09
2023-09-22,18173.502807617188,20000.0,-0.09132485961914061,2023,2023-09
2023-09-25,18173.502807617188,20000.0,-0.09132485961914061,2023,2023-09
2023-09-26,18173.502807617188,20000.0,-0.09132485961914061,2023,2023-09
2023-09-27,18173.502807617188,20000.0,-0.09132485961914061,2023,2023-09
2023-09-28,18173.502807617188,20000.0,-0.09132485961914061,2023,2023-09
2023-09-29,18173.502807617188,20000.0,-0.09132485961914061,2023,2023-09
2023-10-02,18173.502807617188,20000.0,-0.09132485961914061,2023,2023-10
2023-10-03,18173.502807617188,20000.0,-0.09132485961914061,2023,2023-10
2023-10-04,18173.502807617188,20000.0,-0.09132485961914061,2023,2023-10
2023-10-05,18173.502807617188,20000.0,-0.09132485961914061,2023,2023-10
2023-10-06,18173.502807617188,20000.0,-0.09132485961914061,2023,2023-10
2023-10-10,18173.502807617188,20000.0,-0.09132485961914061,2023,2023-10
2023-10-11,18173.502807617188,20000.0,-0.09132485961914061,2023,2023-10
2023-10-12,18173.502807617188,20000.0,-0.09132485961914061,2023,2023-10
2023-10-13,18173.502807617188,20000.0,-0.09132485961914061,2023,2023-10
2023-10-16,18173.502807617188,20000.0,-0.09132485961914061,2023,2023-10
2023-10-17,18173.502807617188,20000.0,-0.09132485961914061,2023,2023-10
2023-10-18,18173.502807617188,20000.0,-0.09132485961914061,2023,2023-10
2023-10-19,18173.502807617188,20000.0,-0.09132485961914061,2023,2023-10
2023-10-20,18173.502807617188,20000.0,-0.09132485961914061,2023,2023-10
2023-10-23,18173.502807617188,20000.0,-0.09132485961914061,2023,2023-10
2023-10-24,18173.502807617188,20000.0,-0.09132485961914061,2023,2023-10
2023-10-25,18173.502807617188,20000.0,-0.09132485961914061,2023,2023-10
2023-10-26,18173.502807617188,20000.0,-0.09132485961914061,2023,2023-10
2023-10-27,18173.502807617188,20000.0,-0.09132485961914061,2023,2023-10
2023-10-30,17735.227416992188,20000.0,-0.11323862915039062,2023,2023-10
2023-10-31,17735.227416992188,20000.0,-0.11323862915039062,2023,2023-10
2023-11-01,17735.227416992188,20000.0,-0.11323862915039062,2023,2023-11
2023-11-02,17735.227416992188,20000.0,-0.11323862915039062,2023,2023-11
2023-11-06,17735.227416992188,20000.0,-0.11323862915039062,2023,2023-11
2023-11-07,17735.227416992188,20000.0,-0.11323862915039062,2023,2023-11
2023-11-08,17735.227416992188,20000.0,-0.11323862915039062,2023,2023-11
2023-11-09,17735.227416992188,20000.0,-0.11323862915039062,2023,2023-11
2023-11-10,17735.227416992188,20000.0,-0.11323862915039062,2023,2023-11
2023-11-13,17735.227416992188,20000.0,-0.11323862915039062,2023,2023-11
2023-11-14,17735.227416992188,20000.0,-0.11323862915039062,2023,2023-11
2023-11-15,17735.227416992188,20000.0,-0.11323862915039062,2023,2023-11
2023-11-16,17735.227416992188,20000.0,-0.11323862915039062,2023,2023-11
2023-11-17,17735.227416992188,20000.0,-0.11323862915039062,2023,2023-11
2023-11-20,17735.227416992188,20000.0,-0.11323862915039062,2023,2023-11
2023-11-21,17735.227416992188,20000.0,-0.11323862915039062,2023,2023-11
2023-11-22,17735.227416992188,20000.0,-0.11323862915039062,2023,2023-11
2023-11-24,17735.227416992188,20000.0,-0.11323862915039062,2023,2023-11
2023-11-27,17735.227416992188,20000.0,-0.11323862915039062,2023,2023-11
2023-11-28,17735.227416992188,20000.0,-0.11323862915039062,2023,2023-11
2023-11-29,17735.227416992188,20000.0,-0.11323862915039062,2023,2023-11
2023-11-30,17735.227416992188,20000.0,-0.11323862915039062,2023,2023-11
2023-12-01,17735.227416992188,20000.0,-0.11323862915039062,2023,2023-12
2023-12-04,17735.227416992188,20000.0,-0.11323862915039062,2023,2023-12
2023-12-05,17735.227416992188,20000.0,-0.11323862915039062,2023,2023-12
2023-12-06,17735.227416992188,20000.0,-0.11323862915039062,2023,2023-12
2023-12-07,17735.227416992188,20000.0,-0.11323862915039062,2023,2023-12
2023-12-08,17735.227416992188,20000.0,-0.11323862915039062,2023,2023-12
2023-12-11,17735.227416992188,20000.0,-0.11323862915039062,2023,2023-12
2023-12-12,17735.227416992188,20000.0,-0.11323862915039062,2023,2023-12
2023-12-13,17735.227416992188,20000.0,-0.11323862915039062,2023,2023-12
2023-12-14,17735.227416992188,20000.0,-0.11323862915039062,2023,2023-12
2023-12-15,17735.227416992188,20000.0,-0.11323862915039062,2023,2023-12
2023-12-18,17735.227416992188,20000.0,-0.11323862915039062,2023,2023-12
2023-12-19,17735.227416992188,20000.0,-0.11323862915039062,2023,2023-12
2023-12-20,17735.227416992188,20000.0,-0.11323862915039062,2023,2023-12
2023-12-21,17735.227416992188,20000.0,-0.11323862915039062,2023,2023-12
2023-12-22,17735.227416992188,20000.0,-0.11323862915039062,2023,2023-12
2023-12-25,17735.227416992188,20000.0,-0.11323862915039062,2023,2023-12
2023-12-26,17735.227416992188,20000.0,-0.11323862915039062,2023,2023-12
2023-12-27,17735.227416992188,20000.0,-0.11323862915039062,2023,2023-12
2023-12-28,17735.227416992188,20000.0,-0.11323862915039062,2023,2023-12
2023-12-29,17735.227416992188,20000.0,-0.11323862915039062,2023,2023-12
2024-01-04,17735.227416992188,20000.0,-0.11323862915039062,2024,2024-01
2024-01-05,17735.227416992188,20000.0,-0.11323862915039062,2024,2024-01
2024-01-09,17735.227416992188,20000.0,-0.11323862915039062,2024,2024-01
2024-01-10,17735.227416992188,20000.0,-0.11323862915039062,2024,2024-01
2024-01-11,17735.227416992188,20000.0,-0.11323862915039062,2024,2024-01
2024-01-12,17735.227416992188,20000.0,-0.11323862915039062,2024,2024-01
2024-01-15,17735.227416992188,20000.0,-0.11323862915039062,2024,2024-01
2024-01-16,17735.227416992188,20000.0,-0.11323862915039062,2024,2024-01
2024-01-17,17735.227416992188,20000.0,-0.11323862915039062,2024,2024-01
2024-01-18,17735.227416992188,20000.0,-0.11323862915039062,2024,2024-01
2024-01-19,17735.227416992188,20000.0,-0.11323862915039062,2024,2024-01
2024-01-22,17735.227416992188,20000.0,-0.11323862915039062,2024,2024-01
2024-01-23,17735.227416992188,20000.0,-0.11323862915039062,2024,2024-01
2024-01-24,17735.227416992188,20000.0,-0.11323862915039062,2024,2024-01
2024-01-25,17735.227416992188,20000.0,-0.11323862915039062,2024,2024-01
2024-01-26,17735.227416992188,20000.0,-0.11323862915039062,2024,2024-01
2024-01-29,17735.227416992188,20000.0,-0.11323862915039062,2024,2024-01
2024-01-30,17735.227416992188,20000.0,-0.11323862915039062,2024,2024-01
2024-01-31,17735.227416992188,20000.0,-0.11323862915039062,2024,2024-01
2024-02-01,17735.227416992188,20000.0,-0.11323862915039062,2024,2024-02
2024-02-02,17735.227416992188,20000.0,-0.11323862915039062,2024,2024-02
2024-02-05,17735.227416992188,20000.0,-0.11323862915039062,2024,2024-02
2024-02-06,17735.227416992188,20000.0,-0.11323862915039062,2024,2024-02
2024-02-07,17735.227416992188,20000.0,-0.11323862915039062,2024,2024-02
2024-02-08,17808.103393554688,20000.0,-0.10959483032226558,2024,2024-02
2024-02-09,17796.891479492188,20000.0,-0.11015542602539063,2024,2024-02
2024-02-13,18514.446655273438,20000.0,-0.07427766723632812,2024,2024-02
2024-02-14,18203.319702148438,20000.0,-0.08983401489257814,2024,2024-02
2024-02-15,18329.453002929688,20000.0,-0.08352734985351562,2024,2024-02
2024-02-16,18932.085327148438,20000.0,-0.0533957336425781,2024,2024-02
2024-02-19,19618.808471679688,20000.0,-0.019059576416015633,2024,2024-02
2024-02-20,19220.786987304688,20000.0,-0.038960650634765615,2024,2024-02
2024-02-21,19229.198120117188,20000.0,-0.0385400939941406,2024,2024-02
2024-02-22,19576.764526367188,20000.0,-0.021161773681640628,2024,2024-02
2024-02-26,19837.437866210938,20000.0,-0.008128106689453074,2024,2024-02
2024-02-27,19837.437866210938,20000.0,-0.008128106689453074,2024,2024-02
2024-02-28,19837.437866210938,20000.0,-0.008128106689453074,2024,2024-02
2024-02-29,19837.437866210938,20000.0,-0.008128106689453074,2024,2024-02
2024-03-01,19837.437866210938,20000.0,-0.008128106689453074,2024,2024-03
2024-03-04,19837.437866210938,20000.0,-0.008128106689453074,2024,2024-03
2024-03-05,19837.437866210938,20000.0,-0.008128106689453074,2024,2024-03
2024-03-06,19837.437866210938,20000.0,-0.008128106689453074,2024,2024-03
2024-03-07,19837.437866210938,20000.0,-0.008128106689453074,2024,2024-03
2024-03-08,19837.437866210938,20000.0,-0.008128106689453074,2024,2024-03
2024-03-11,19837.437866210938,20000.0,-0.008128106689453074,2024,2024-03
2024-03-12,19837.437866210938,20000.0,-0.008128106689453074,2024,2024-03
2024-03-13,19837.437866210938,20000.0,-0.008128106689453074,2024,2024-03
2024-03-14,19837.437866210938,20000.0,-0.008128106689453074,2024,2024-03
2024-03-15,19837.437866210938,20000.0,-0.008128106689453074,2024,2024-03
2024-03-18,20277.447631835938,20277.447631835938,0.0,2024,2024-03
2024-03-19,20878.978393554688,20878.978393554688,0.0,2024,2024-03
2024-03-21,21569.625854492188,21569.625854492188,0.0,2024,2024-03
2024-03-22,21976.213745117188,21976.213745117188,0.0,2024,2024-03
2024-03-25,21742.285522460938,21976.213745117188,-0.010644609911851899,2024,2024-03
2024-03-26,21853.679565429688,21976.213745117188,-0.005575763919511645,2024,2024-03
2024-03-27,21870.389038085938,21976.213745117188,-0.004815420356691913,2024,2024-03
2024-03-28,21859.118530273438,21976.213745117188,-0.005328270656712486,2024,2024-03
2024-03-29,21819.670288085938,21976.213745117188,-0.007123313362659256,2024,2024-03
2024-04-01,20917.981323242188,21976.213745117188,-0.04815353700817204,2024,2024-04
2024-04-02,20884.168334960938,21976.213745117188,-0.04969215456410858,2024,2024-04
2024-04-03,20884.168334960938,21976.213745117188,-0.04969215456410858,2024,2024-04
2024-04-04,20884.168334960938,21976.213745117188,-0.04969215456410858,2024,2024-04
2024-04-05,20884.168334960938,21976.213745117188,-0.04969215456410858,2024,2024-04
2024-04-08,20884.168334960938,21976.213745117188,-0.04969215456410858,2024,2024-04
2024-04-09,20884.168334960938,21976.213745117188,-0.04969215456410858,2024,2024-04
2024-04-10,20884.168334960938,21976.213745117188,-0.04969215456410858,2024,2024-04
2024-04-11,20884.168334960938,21976.213745117188,-0.04969215456410858,2024,2024-04
2024-04-12,20884.168334960938,21976.213745117188,-0.04969215456410858,2024,2024-04
2024-04-15,20884.168334960938,21976.213745117188,-0.04969215456410858,2024,2024-04
2024-04-16,20884.168334960938,21976.213745117188,-0.04969215456410858,2024,2024-04
2024-04-17,20884.168334960938,21976.213745117188,-0.04969215456410858,2024,2024-04
2024-04-18,20884.168334960938,21976.213745117188,-0.04969215456410858,2024,2024-04
2024-04-19,20884.168334960938,21976.213745117188,-0.04969215456410858,2024,2024-04
2024-04-22,20884.168334960938,21976.213745117188,-0.04969215456410858,2024,2024-04
2024-04-23,20884.168334960938,21976.213745117188,-0.04969215456410858,2024,2024-04
2024-04-24,20884.168334960938,21976.213745117188,-0.04969215456410858,2024,2024-04
2024-04-25,20884.168334960938,21976.213745117188,-0.04969215456410858,2024,2024-04
2024-04-26,20884.168334960938,21976.213745117188,-0.04969215456410858,2024,2024-04
2024-04-30,20884.168334960938,21976.213745117188,-0.04969215456410858,2024,2024-04
2024-05-01,20884.168334960938,21976.213745117188,-0.04969215456410858,2024,2024-05
2024-05-02,20884.168334960938,21976.213745117188,-0.04969215456410858,2024,2024-05
2024-05-07,20790.154663085938,21976.213745117188,-0.05397012860301176,2024,2024-05
2024-05-08,20790.154663085938,21976.213745117188,-0.05397012860301176,2024,2024-05
2024-05-09,20790.154663085938,21976.213745117188,-0.05397012860301176,2024,2024-05
2024-05-10,20790.154663085938,21976.213745117188,-0.05397012860301176,2024,2024-05
2024-05-13,20790.154663085938,21976.213745117188,-0.05397012860301176,2024,2024-05
2024-05-14,20790.154663085938,21976.213745117188,-0.05397012860301176,2024,2024-05
2024-05-15,20790.154663085938,21976.213745117188,-0.05397012860301176,2024,2024-05
2024-05-16,20790.154663085938,21976.213745117188,-0.05397012860301176,2024,2024-05
2024-05-17,20790.154663085938,21976.213745117188,-0.05397012860301176,2024,2024-05
2024-05-20,20790.154663085938,21976.213745117188,-0.05397012860301176,2024,2024-05
2024-05-21,20790.154663085938,21976.213745117188,-0.05397012860301176,2024,2024-05
2024-05-22,20790.154663085938,21976.213745117188,-0.05397012860301176,2024,2024-05
2024-05-23,20790.154663085938,21976.213745117188,-0.05397012860301176,2024,2024-05
2024-05-24,20790.154663085938,21976.213745117188,-0.05397012860301176,2024,2024-05
2024-05-27,20790.154663085938,21976.213745117188,-0.05397012860301176,2024,2024-05
2024-05-28,20790.154663085938,21976.213745117188,-0.05397012860301176,2024,2024-05
2024-05-29,20790.154663085938,21976.213745117188,-0.05397012860301176,2024,2024-05
2024-05-30,20790.154663085938,21976.213745117188,-0.05397012860301176,2024,2024-05
2024-05-31,20790.154663085938,21976.213745117188,-0.05397012860301176,2024,2024-05
2024-06-03,20790.154663085938,21976.213745117188,-0.05397012860301176,2024,2024-06
2024-06-04,20790.154663085938,21976.213745117188,-0.05397012860301176,2024,2024-06
2024-06-05,20399.598022460938,21976.213745117188,-0.07174191791825613,2024,2024-06
2024-06-06,20399.598022460938,21976.213745117188,-0.07174191791825613,2024,2024-06
2024-06-07,20399.598022460938,21976.213745117188,-0.07174191791825613,2024,2024-06
2024-06-10,20399.598022460938,21976.213745117188,-0.07174191791825613,2024,2024-06
2024-06-11,20399.598022460938,21976.213745117188,-0.07174191791825613,2024,2024-06
2024-06-12,20399.598022460938,21976.213745117188,-0.07174191791825613,2024,2024-06
2024-06-13,20399.598022460938,21976.213745117188,-0.07174191791825613,2024,2024-06
2024-06-14,20399.598022460938,21976.213745117188,-0.07174191791825613,2024,2024-06
2024-06-17,20011.905151367188,21976.213745117188,-0.08938339499844206,2024,2024-06
2024-06-18,20011.905151367188,21976.213745117188,-0.08938339499844206,2024,2024-06
2024-06-19,20011.905151367188,21976.213745117188,-0.08938339499844206,2024,2024-06
2024-06-20,20011.905151367188,21976.213745117188,-0.08938339499844206,2024,2024-06
2024-06-21,20011.905151367188,21976.213745117188,-0.08938339499844206,2024,2024-06
2024-06-24,20011.905151367188,21976.213745117188,-0.08938339499844206,2024,2024-06
2024-06-25,20011.905151367188,21976.213745117188,-0.08938339499844206,2024,2024-06
2024-06-26,20011.905151367188,21976.213745117188,-0.08938339499844206,2024,2024-06
2024-06-27,20011.905151367188,21976.213745117188,-0.08938339499844206,2024,2024-06
2024-06-28,20011.905151367188,21976.213745117188,-0.08938339499844206,2024,2024-06
2024-07-01,20011.905151367188,21976.213745117188,-0.08938339499844206,2024,2024-07
2024-07-02,20011.905151367188,21976.213745117188,-0.08938339499844206,2024,2024-07
2024-07-03,20011.905151367188,21976.213745117188,-0.08938339499844206,2024,2024-07
2024-07-04,20011.905151367188,21976.213745117188,-0.08938339499844206,2024,2024-07
2024-07-05,20011.905151367188,21976.213745117188,-0.08938339499844206,2024,2024-07
2024-07-08,20011.905151367188,21976.213745117188,-0.08938339499844206,2024,2024-07
2024-07-09,20011.905151367188,21976.213745117188,-0.08938339499844206,2024,2024-07
2024-07-10,20011.905151367188,21976.213745117188,-0.08938339499844206,2024,2024-07
2024-07-11,20011.905151367188,21976.213745117188,-0.08938339499844206,2024,2024-07
2024-07-12,20011.905151367188,21976.213745117188,-0.08938339499844206,2024,2024-07
2024-07-16,20011.905151367188,21976.213745117188,-0.08938339499844206,2024,2024-07
2024-07-17,20011.905151367188,21976.213745117188,-0.08938339499844206,2024,2024-07
2024-07-18,20011.905151367188,21976.213745117188,-0.08938339499844206,2024,2024-07
2024-07-19,20011.905151367188,21976.213745117188,-0.08938339499844206,2024,2024-07
2024-07-22,20011.905151367188,21976.213745117188,-0.08938339499844206,2024,2024-07
2024-07-23,20011.905151367188,21976.213745117188,-0.08938339499844206,2024,2024-07
2024-07-24,20011.905151367188,21976.213745117188,-0.08938339499844206,2024,2024-07
2024-07-25,20011.905151367188,21976.213745117188,-0.08938339499844206,2024,2024-07
2024-07-26,20011.905151367188,21976.213745117188,-0.08938339499844206,2024,2024-07
2024-07-29,20011.905151367188,21976.213745117188,-0.08938339499844206,2024,2024-07
2024-07-30,20011.905151367188,21976.213745117188,-0.08938339499844206,2024,2024-07
2024-07-31,20011.905151367188,21976.213745117188,-0.08938339499844206,2024,2024-07
2024-08-01,20011.905151367188,21976.213745117188,-0.08938339499844206,2024,2024-08
2024-08-02,20011.905151367188,21976.213745117188,-0.08938339499844206,2024,2024-08
2024-08-05,20011.905151367188,21976.213745117188,-0.08938339499844206,2024,2024-08
2024-08-06,20011.905151367188,21976.213745117188,-0.08938339499844206,2024,2024-08
2024-08-07,20011.905151367188,21976.213745117188,-0.08938339499844206,2024,2024-08
2024-08-08,19422.490112304688,21976.213745117188,-0.11620398592910042,2024,2024-08
2024-08-09,19422.490112304688,21976.213745117188,-0.11620398592910042,2024,2024-08
2024-08-13,19422.490112304688,21976.213745117188,-0.11620398592910042,2024,2024-08
2024-08-14,19422.490112304688,21976.213745117188,-0.11620398592910042,2024,2024-08
2024-08-15,19422.490112304688,21976.213745117188,-0.11620398592910042,2024,2024-08
2024-08-16,19422.490112304688,21976.213745117188,-0.11620398592910042,2024,2024-08
2024-08-19,19422.490112304688,21976.213745117188,-0.11620398592910042,2024,2024-08
2024-08-20,19422.490112304688,21976.213745117188,-0.11620398592910042,2024,2024-08
2024-08-21,19422.490112304688,21976.213745117188,-0.11620398592910042,2024,2024-08
2024-08-22,19422.490112304688,21976.213745117188,-0.11620398592910042,2024,2024-08
2024-08-23,19422.490112304688,21976.213745117188,-0.11620398592910042,2024,2024-08
2024-08-26,19422.490112304688,21976.213745117188,-0.11620398592910042,2024,2024-08
2024-08-27,19422.490112304688,21976.213745117188,-0.11620398592910042,2024,2024-08
2024-08-28,19422.490112304688,21976.213745117188,-0.11620398592910042,2024,2024-08
2024-08-29,19422.490112304688,21976.213745117188,-0.11620398592910042,2024,2024-08
2024-08-30,19422.490112304688,21976.213745117188,-0.11620398592910042,2024,2024-08
2024-09-02,19422.490112304688,21976.213745117188,-0.11620398592910042,2024,2024-09
2024-09-03,19422.490112304688,21976.213745117188,-0.11620398592910042,2024,2024-09
2024-09-04,19422.490112304688,21976.213745117188,-0.11620398592910042,2024,2024-09
2024-09-05,19422.490112304688,21976.213745117188,-0.11620398592910042,2024,2024-09
2024-09-06,19422.490112304688,21976.213745117188,-0.11620398592910042,2024,2024-09
2024-09-09,19422.490112304688,21976.213745117188,-0.11620398592910042,2024,2024-09
2024-09-10,19422.490112304688,21976.213745117188,-0.11620398592910042,2024,2024-09
2024-09-11,19422.490112304688,21976.213745117188,-0.11620398592910042,2024,2024-09
2024-09-12,19422.490112304688,21976.213745117188,-0.11620398592910042,2024,2024-09
2024-09-13,19422.490112304688,21976.213745117188,-0.11620398592910042,2024,2024-09
2024-09-17,19422.490112304688,21976.213745117188,-0.11620398592910042,2024,2024-09
2024-09-18,19422.490112304688,21976.213745117188,-0.11620398592910042,2024,2024-09
2024-09-19,19422.490112304688,21976.213745117188,-0.11620398592910042,2024,2024-09
2024-09-20,19422.490112304688,21976.213745117188,-0.11620398592910042,2024,2024-09
2024-09-24,19422.490112304688,21976.213745117188,-0.11620398592910042,2024,2024-09
2024-09-25,19422.490112304688,21976.213745117188,-0.11620398592910042,2024,2024-09
2024-09-26,19422.490112304688,21976.213745117188,-0.11620398592910042,2024,2024-09
2024-09-27,19422.490112304688,21976.213745117188,-0.11620398592910042,2024,2024-09
2024-09-30,19422.490112304688,21976.213745117188,-0.11620398592910042,2024,2024-09
2024-10-01,19422.490112304688,21976.213745117188,-0.11620398592910042,2024,2024-10
2024-10-02,19422.490112304688,21976.213745117188,-0.11620398592910042,2024,2024-10
2024-10-03,19422.490112304688,21976.213745117188,-0.11620398592910042,2024,2024-10
2024-10-04,19422.490112304688,21976.213745117188,-0.11620398592910042,2024,2024-10
2024-10-07,19422.490112304688,21976.213745117188,-0.11620398592910042,2024,2024-10
2024-10-08,19422.490112304688,21976.213745117188,-0.11620398592910042,2024,2024-10
2024-10-09,19422.490112304688,21976.213745117188,-0.11620398592910042,2024,2024-10
2024-10-10,19422.490112304688,21976.213745117188,-0.11620398592910042,2024,2024-10
2024-10-11,19422.490112304688,21976.213745117188,-0.11620398592910042,2024,2024-10
2024-10-15,19422.490112304688,21976.213745117188,-0.11620398592910042,2024,2024-10
2024-10-16,19422.490112304688,21976.213745117188,-0.11620398592910042,2024,2024-10
2024-10-17,19422.490112304688,21976.213745117188,-0.11620398592910042,2024,2024-10
2024-10-18,19422.490112304688,21976.213745117188,-0.11620398592910042,2024,2024-10
2024-10-21,19422.490112304688,21976.213745117188,-0.11620398592910042,2024,2024-10
2024-10-22,19422.490112304688,21976.213745117188,-0.11620398592910042,2024,2024-10
2024-10-23,19422.490112304688,21976.213745117188,-0.11620398592910042,2024,2024-10
2024-10-24,19422.490112304688,21976.213745117188,-0.11620398592910042,2024,2024-10
2024-10-25,19422.490112304688,21976.213745117188,-0.11620398592910042,2024,2024-10
2024-10-28,19422.490112304688,21976.213745117188,-0.11620398592910042,2024,2024-10
2024-10-29,19422.490112304688,21976.213745117188,-0.11620398592910042,2024,2024-10
2024-10-30,19422.490112304688,21976.213745117188,-0.11620398592910042,2024,2024-10
2024-10-31,19422.490112304688,21976.213745117188,-0.11620398592910042,2024,2024-10
2024-11-01,19422.490112304688,21976.213745117188,-0.11620398592910042,2024,2024-11
2024-11-05,19422.490112304688,21976.213745117188,-0.11620398592910042,2024,2024-11
2024-11-06,19422.490112304688,21976.213745117188,-0.11620398592910042,2024,2024-11
2024-11-07,19422.490112304688,21976.213745117188,-0.11620398592910042,2024,2024-11
2024-11-08,19422.490112304688,21976.213745117188,-0.11620398592910042,2024,2024-11
2024-11-11,19422.490112304688,21976.213745117188,-0.11620398592910042,2024,2024-11
2024-11-12,19422.490112304688,21976.213745117188,-0.11620398592910042,2024,2024-11
2024-11-13,19422.490112304688,21976.213745117188,-0.11620398592910042,2024,2024-11
2024-11-14,19422.490112304688,21976.213745117188,-0.11620398592910042,2024,2024-11
2024-11-15,19422.490112304688,21976.213745117188,-0.11620398592910042,2024,2024-11
2024-11-18,19422.490112304688,21976.213745117188,-0.11620398592910042,2024,2024-11
2024-11-19,19422.490112304688,21976.213745117188,-0.11620398592910042,2024,2024-11
2024-11-20,19422.490112304688,21976.213745117188,-0.11620398592910042,2024,2024-11
2024-11-21,19422.490112304688,21976.213745117188,-0.11620398592910042,2024,2024-11
2024-11-22,19422.490112304688,21976.213745117188,-0.11620398592910042,2024,2024-11
2024-11-25,19422.490112304688,21976.213745117188,-0.11620398592910042,2024,2024-11
2024-11-26,19422.490112304688,21976.213745117188,-0.11620398592910042,2024,2024-11
2024-11-27,19422.490112304688,21976.213745117188,-0.11620398592910042,2024,2024-11
2024-11-28,19422.490112304688,21976.213745117188,-0.11620398592910042,2024,2024-11
2024-11-29,19422.490112304688,21976.213745117188,-0.11620398592910042,2024,2024-11
2024-12-02,19422.490112304688,21976.213745117188,-0.11620398592910042,2024,2024-12
2024-12-03,19422.490112304688,21976.213745117188,-0.11620398592910042,2024,2024-12
2024-12-04,19422.490112304688,21976.213745117188,-0.11620398592910042,2024,2024-12
2024-12-05,19422.490112304688,21976.213745117188,-0.11620398592910042,2024,2024-12
2024-12-06,19422.490112304688,21976.213745117188,-0.11620398592910042,2024,2024-12
2024-12-09,19422.490112304688,21976.213745117188,-0.11620398592910042,2024,2024-12
2024-12-10,19422.490112304688,21976.213745117188,-0.11620398592910042,2024,2024-12
2024-12-11,19422.490112304688,21976.213745117188,-0.11620398592910042,2024,2024-12
2024-12-12,19422.490112304688,21976.213745117188,-0.11620398592910042,2024,2024-12
2024-12-13,19422.490112304688,21976.213745117188,-0.11620398592910042,2024,2024-12
2024-12-16,19422.490112304688,21976.213745117188,-0.11620398592910042,2024,2024-12
2024-12-17,19422.490112304688,21976.213745117188,-0.11620398592910042,2024,2024-12
2024-12-18,19422.490112304688,21976.213745117188,-0.11620398592910042,2024,2024-12
2024-12-19,19422.490112304688,21976.213745117188,-0.11620398592910042,2024,2024-12
2024-12-20,19422.490112304688,21976.213745117188,-0.11620398592910042,2024,2024-12
2024-12-23,19422.490112304688,21976.213745117188,-0.11620398592910042,2024,2024-12
2024-12-24,19422.490112304688,21976.213745117188,-0.11620398592910042,2024,2024-12
2024-12-25,19422.490112304688,21976.213745117188,-0.11620398592910042,2024,2024-12
2024-12-26,19422.490112304688,21976.213745117188,-0.11620398592910042,2024,2024-12
2024-12-27,19422.490112304688,21976.213745117188,-0.11620398592910042,2024,2024-12
2024-12-30,19422.490112304688,21976.213745117188,-0.11620398592910042,2024,2024-12
2025-01-06,19422.490112304688,21976.213745117188,-0.11620398592910042,2025,2025-01
2025-01-07,19422.490112304688,21976.213745117188,-0.11620398592910042,2025,2025-01
2025-01-08,19422.490112304688,21976.213745117188,-0.11620398592910042,2025,2025-01
2025-01-09,19422.490112304688,21976.213745117188,-0.11620398592910042,2025,2025-01
2025-01-10,19422.490112304688,21976.213745117188,-0.11620398592910042,2025,2025-01
2025-01-14,19422.490112304688,21976.213745117188,-0.11620398592910042,2025,2025-01
2025-01-15,19422.490112304688,21976.213745117188,-0.11620398592910042,2025,2025-01
2025-01-16,19422.490112304688,21976.213745117188,-0.11620398592910042,2025,2025-01
2025-01-17,19422.490112304688,21976.213745117188,-0.11620398592910042,2025,2025-01
2025-01-20,19422.490112304688,21976.213745117188,-0.11620398592910042,2025,2025-01
2025-01-21,19422.490112304688,21976.213745117188,-0.11620398592910042,2025,2025-01
2025-01-22,19422.490112304688,21976.213745117188,-0.11620398592910042,2025,2025-01
2025-01-23,19422.490112304688,21976.213745117188,-0.11620398592910042,2025,2025-01
2025-01-24,19422.490112304688,21976.213745117188,-0.11620398592910042,2025,2025-01
2025-01-27,19422.490112304688,21976.213745117188,-0.11620398592910042,2025,2025-01
2025-01-28,19422.490112304688,21976.213745117188,-0.11620398592910042,2025,2025-01
2025-01-29,19422.490112304688,21976.213745117188,-0.11620398592910042,2025,2025-01
2025-01-30,19422.490112304688,21976.213745117188,-0.11620398592910042,2025,2025-01
2025-01-31,19422.490112304688,21976.213745117188,-0.11620398592910042,2025,2025-01
2025-02-03,19422.490112304688,21976.213745117188,-0.11620398592910042,2025,2025-02
2025-02-04,19561.747924804688,21976.213745117188,-0.10986723410664678,2025,2025-02
2025-02-05,19852.203002929688,21976.213745117188,-0.09665044064560147,2025,2025-02
2025-02-06,20041.197143554688,21976.213745117188,-0.08805049969048617,2025,2025-02
2025-02-07,19876.076049804688,21976.213745117188,-0.09556412763682376,2025,2025-02
2025-02-10,19504.056518554688,21976.213745117188,-0.11249240907623492,2025,2025-02
2025-02-12,20220.242065429688,21976.213745117188,-0.0799032854364029,2025,2025-02
2025-02-13,19519.968627929688,21976.213745117188,-0.11176834852788253,2025,2025-02
2025-02-14,19784.564331054688,21976.213745117188,-0.09972825344172198,2025,2025-02
2025-02-17,20120.771362304688,21976.213745117188,-0.08442957482722668,2025,2025-02
2025-02-18,20186.423706054688,21976.213745117188,-0.08144214739721334,2025,2025-02
2025-02-19,19814.404174804688,21976.213745117188,-0.0983704288366245,2025,2025-02
2025-02-20,19814.404174804688,21976.213745117188,-0.0983704288366245,2025,2025-02
2025-02-21,19814.404174804688,21976.213745117188,-0.0983704288366245,2025,2025-02
2025-02-25,19814.404174804688,21976.213745117188,-0.0983704288366245,2025,2025-02
2025-02-26,19814.404174804688,21976.213745117188,-0.0983704288366245,2025,2025-02
2025-02-27,19814.404174804688,21976.213745117188,-0.0983704288366245,2025,2025-02
2025-02-28,19814.404174804688,21976.213745117188,-0.0983704288366245,2025,2025-02
2025-03-03,19814.404174804688,21976.213745117188,-0.0983704288366245,2025,2025-03
2025-03-04,19814.404174804688,21976.213745117188,-0.0983704288366245,2025,2025-03
2025-03-05,19814.404174804688,21976.213745117188,-0.0983704288366245,2025,2025-03
2025-03-06,19814.404174804688,21976.213745117188,-0.0983704288366245,2025,2025-03
2025-03-07,19814.404174804688,21976.213745117188,-0.0983704288366245,2025,2025-03
2025-03-10,19814.404174804688,21976.213745117188,-0.0983704288366245,2025,2025-03
2025-03-11,19814.404174804688,21976.213745117188,-0.0983704288366245,2025,2025-03
2025-03-12,19814.404174804688,21976.213745117188,-0.0983704288366245,2025,2025-03
2025-03-13,19814.404174804688,21976.213745117188,-0.0983704288366245,2025,2025-03
2025-03-14,19814.404174804688,21976.213745117188,-0.0983704288366245,2025,2025-03
2025-03-17,19814.404174804688,21976.213745117188,-0.0983704288366245,2025,2025-03
2025-03-18,19814.404174804688,21976.213745117188,-0.0983704288366245,2025,2025-03
2025-03-19,19814.404174804688,21976.213745117188,-0.0983704288366245,2025,2025-03
2025-03-21,19814.404174804688,21976.213745117188,-0.0983704288366245,2025,2025-03
2025-03-24,19814.404174804688,21976.213745117188,-0.0983704288366245,2025,2025-03
2025-03-25,19814.404174804688,21976.213745117188,-0.0983704288366245,2025,2025-03
2025-03-26,19814.404174804688,21976.213745117188,-0.0983704288366245,2025,2025-03
2025-03-27,19814.404174804688,21976.213745117188,-0.0983704288366245,2025,2025-03
2025-03-28,19814.404174804688,21976.213745117188,-0.0983704288366245,2025,2025-03
2025-03-31,19814.404174804688,21976.213745117188,-0.0983704288366245,2025,2025-03
2025-04-01,19814.404174804688,21976.213745117188,-0.0983704288366245,2025,2025-04
2025-04-02,19814.404174804688,21976.213745117188,-0.0983704288366245,2025,2025-04
2025-04-03,19814.404174804688,21976.213745117188,-0.0983704288366245,2025,2025-04
2025-04-04,19814.404174804688,21976.213745117188,-0.0983704288366245,2025,2025-04
2025-04-07,19814.404174804688,21976.213745117188,-0.0983704288366245,2025,2025-04
2025-04-08,19814.404174804688,21976.213745117188,-0.0983704288366245,2025,2025-04
2025-04-09,19814.404174804688,21976.213745117188,-0.0983704288366245,2025,2025-04
2025-04-10,19814.404174804688,21976.213745117188,-0.0983704288366245,2025,2025-04
2025-04-11,19814.404174804688,21976.213745117188,-0.0983704288366245,2025,2025-04
2025-04-14,19814.404174804688,21976.213745117188,-0.0983704288366245,2025,2025-04
2025-04-15,19814.404174804688,21976.213745117188,-0.0983704288366245,2025,2025-04
2025-04-16,19814.404174804688,21976.213745117188,-0.0983704288366245,2025,2025-04
2025-04-17,19814.404174804688,21976.213745117188,-0.0983704288366245,2025,2025-04
2025-04-18,19814.404174804688,21976.213745117188,-0.0983704288366245,2025,2025-04
2025-04-21,19814.404174804688,21976.213745117188,-0.0983704288366245,2025,2025-04
2025-04-22,19814.404174804688,21976.213745117188,-0.0983704288366245,2025,2025-04
2025-04-23,19814.404174804688,21976.213745117188,-0.0983704288366245,2025,2025-04
2025-04-24,19814.404174804688,21976.213745117188,-0.0983704288366245,2025,2025-04
2025-04-25,19814.404174804688,21976.213745117188,-0.0983704288366245,2025,2025-04
2025-04-28,19814.404174804688,21976.213745117188,-0.0983704288366245,2025,2025-04
2025-04-30,19814.404174804688,21976.213745117188,-0.0983704288366245,2025,2025-04
2025-05-01,19814.404174804688,21976.213745117188,-0.0983704288366245,2025,2025-05
2025-05-02,19814.404174804688,21976.213745117188,-0.0983704288366245,2025,2025-05
2025-05-07,19814.404174804688,21976.213745117188,-0.0983704288366245,2025,2025-05
2025-05-08,19814.404174804688,21976.213745117188,-0.0983704288366245,2025,2025-05
2025-05-09,19814.404174804688,21976.213745117188,-0.0983704288366245,2025,2025-05
2025-05-12,19814.404174804688,21976.213745117188,-0.0983704288366245,2025,2025-05
2025-05-13,19814.404174804688,21976.213745117188,-0.0983704288366245,2025,2025-05
2025-05-14,19814.404174804688,21976.213745117188,-0.0983704288366245,2025,2025-05
2025-05-15,19814.404174804688,21976.213745117188,-0.0983704288366245,2025,2025-05
2025-05-16,19814.404174804688,21976.213745117188,-0.0983704288366245,2025,2025-05
2025-05-19,19814.404174804688,21976.213745117188,-0.0983704288366245,2025,2025-05
2025-05-20,19814.404174804688,21976.213745117188,-0.0983704288366245,2025,2025-05
2025-05-21,19814.404174804688,21976.213745117188,-0.0983704288366245,2025,2025-05
2025-05-22,19814.404174804688,21976.213745117188,-0.0983704288366245,2025,2025-05
2025-05-23,19814.404174804688,21976.213745117188,-0.0983704288366245,2025,2025-05
2025-05-26,19814.404174804688,21976.213745117188,-0.0983704288366245,2025,2025-05
2025-05-27,19814.404174804688,21976.213745117188,-0.0983704288366245,2025,2025-05
2025-05-28,19814.404174804688,21976.213745117188,-0.0983704288366245,2025,2025-05
2025-05-29,19814.404174804688,21976.213745117188,-0.0983704288366245,2025,2025-05
2025-05-30,19814.404174804688,21976.213745117188,-0.0983704288366245,2025,2025-05
2025-06-02,19814.404174804688,21976.213745117188,-0.0983704288366245,2025,2025-06
2025-06-03,19814.404174804688,21976.213745117188,-0.0983704288366245,2025,2025-06
2025-06-04,19814.404174804688,21976.213745117188,-0.0983704288366245,2025,2025-06
2025-06-05,19814.404174804688,21976.213745117188,-0.0983704288366245,2025,2025-06
2025-06-06,19814.404174804688,21976.213745117188,-0.0983704288366245,2025,2025-06
2025-06-09,19814.404174804688,21976.213745117188,-0.0983704288366245,2025,2025-06
2025-06-10,19814.404174804688,21976.213745117188,-0.0983704288366245,2025,2025-06
2025-06-11,19814.404174804688,21976.213745117188,-0.0983704288366245,2025,2025-06
2025-06-12,19814.404174804688,21976.213745117188,-0.0983704288366245,2025,2025-06
2025-06-13,19814.404174804688,21976.213745117188,-0.0983704288366245,2025,2025-06
2025-06-16,19814.404174804688,21976.213745117188,-0.0983704288366245,2025,2025-06
2025-06-17,19814.404174804688,21976.213745117188,-0.0983704288366245,2025,2025-06
2025-06-18,19814.404174804688,21976.213745117188,-0.0983704288366245,2025,2025-06
2025-06-19,19814.404174804688,21976.213745117188,-0.0983704288366245,2025,2025-06
2025-06-20,19814.404174804688,21976.213745117188,-0.0983704288366245,2025,2025-06
2025-06-23,19814.404174804688,21976.213745117188,-0.0983704288366245,2025,2025-06
2025-06-24,19814.404174804688,21976.213745117188,-0.0983704288366245,2025,2025-06
2025-06-25,19814.404174804688,21976.213745117188,-0.0983704288366245,2025,2025-06
2025-06-26,19814.404174804688,21976.213745117188,-0.0983704288366245,2025,2025-06
2025-06-27,19814.404174804688,21976.213745117188,-0.0983704288366245,2025,2025-06
2025-06-30,19814.404174804688,21976.213745117188,-0.0983704288366245,2025,2025-06
2025-07-01,19814.404174804688,21976.213745117188,-0.0983704288366245,2025,2025-07
2025-07-02,19814.404174804688,21976.213745117188,-0.0983704288366245,2025,2025-07
2025-07-03,19814.404174804688,21976.213745117188,-0.0983704288366245,2025,2025-07
2025-07-04,19814.404174804688,21976.213745117188,-0.0983704288366245,2025,2025-07
2025-07-07,19814.404174804688,21976.213745117188,-0.0983704288366245,2025,2025-07
2025-07-08,19814.404174804688,21976.213745117188,-0.0983704288366245,2025,2025-07
2025-07-09,19818.357299804688,21976.213745117188,-0.09819054684940653,2025,2025-07
2025-07-10,19798.588745117188,21976.213745117188,-0.09909009009724612,2025,2025-07
2025-07-11,19502.046752929688,21976.213745117188,-0.11258386093633743,2025,2025-07
2025-07-14,19695.786987304688,21976.213745117188,-0.10376795494716096,2025,2025-07
2025-07-15,20063.496948242188,21976.213745117188,-0.08703577509114735,2025,2025-07
2025-07-16,20146.530151367188,21976.213745117188,-0.0832574534890721,2025,2025-07
2025-07-17,20277.006713867188,21976.213745117188,-0.07732028141688152,2025,2025-07
2025-07-18,20700.073120117188,21976.213745117188,-0.05806917605556783,2025,2025-07
2025-07-22,20964.983276367188,21976.213745117188,-0.04601477217496952,2025,2025-07
2025-07-23,21123.135620117188,21976.213745117188,-0.038818248443253434,2025,2025-07
2025-07-24,21807.157104492188,21976.213745117188,-0.0076927100630590495,2025,2025-07
2025-07-25,21807.157104492188,21976.213745117188,-0.0076927100630590495,2025,2025-07
2025-07-28,21807.157104492188,21976.213745117188,-0.0076927100630590495,2025,2025-07
2025-07-29,21807.157104492188,21976.213745117188,-0.0076927100630590495,2025,2025-07
2025-07-30,21807.157104492188,21976.213745117188,-0.0076927100630590495,2025,2025-07
2025-07-31,21807.157104492188,21976.213745117188,-0.0076927100630590495,2025,2025-07
2025-08-01,21414.413696289062,21976.213745117188,-0.025564005489933317,2025,2025-08
2025-08-04,21405.685913085938,21976.213745117188,-0.025961152300769452,2025,2025-08
2025-08-05,21946.798217773438,21976.213745117188,-0.0013385166200563514,2025,2025-08
2025-08-06,22828.285522460938,22828.285522460938,0.0,2025,2025-08
2025-08-07,23116.297241210938,23116.297241210938,0.0,2025,2025-08
2025-08-08,25394.200805664062,25394.200805664062,0.0,2025,2025-08
2025-08-12,27069.901000976562,27069.901000976562,0.0,2025,2025-08
2025-08-13,27148.451049804688,27148.451049804688,0.0,2025,2025-08
2025-08-14,28291.766723632812,28291.766723632812,0.0,2025,2025-08
2025-08-15,30028.557983398438,30028.557983398438,0.0,2025,2025-08
2025-08-18,30351.480834960938,30351.480834960938,0.0,2025,2025-08
2025-08-19,30351.480834960938,30351.480834960938,0.0,2025,2025-08
2025-08-20,30351.480834960938,30351.480834960938,0.0,2025,2025-08
2025-08-21,30351.480834960938,30351.480834960938,0.0,2025,2025-08
2025-08-22,30351.480834960938,30351.480834960938,0.0,2025,2025-08
2025-08-25,30351.480834960938,30351.480834960938,0.0,2025,2025-08
2025-08-26,30351.480834960938,30351.480834960938,0.0,2025,2025-08
2025-08-27,30351.480834960938,30351.480834960938,0.0,2025,2025-08
2025-08-28,30351.480834960938,30351.480834960938,0.0,2025,2025-08
2025-08-29,30910.046997070312,30910.046997070312,0.0,2025,2025-08
2025-09-01,29548.540161132812,30910.046997070312,-0.044047388089269,2025,2025-09
2025-09-02,29426.354614257812,30910.046997070312,-0.04800032762658457,2025,2025-09
2025-09-03,28012.482788085938,30910.046997070312,-0.09374182476199433,2025,2025-09
2025-09-04,28012.482788085938,30910.046997070312,-0.09374182476199433,2025,2025-09
2025-09-05,28012.482788085938,30910.046997070312,-0.09374182476199433,2025,2025-09
2025-09-08,28012.482788085938,30910.046997070312,-0.09374182476199433,2025,2025-09
2025-09-09,28012.482788085938,30910.046997070312,-0.09374182476199433,2025,2025-09
2025-09-10,28012.482788085938,30910.046997070312,-0.09374182476199433,2025,2025-09
2025-09-11,28012.482788085938,30910.046997070312,-0.09374182476199433,2025,2025-09
2025-09-12,28012.482788085938,30910.046997070312,-0.09374182476199433,2025,2025-09
2025-09-16,28012.482788085938,30910.046997070312,-0.09374182476199433,2025,2025-09
2025-09-17,28012.482788085938,30910.046997070312,-0.09374182476199433,2025,2025-09
2025-09-18,28012.482788085938,30910.046997070312,-0.09374182476199433,2025,2025-09
2025-09-19,28012.482788085938,30910.046997070312,-0.09374182476199433,2025,2025-09
2025-09-22,28012.482788085938,30910.046997070312,-0.09374182476199433,2025,2025-09
2025-09-24,28012.482788085938,30910.046997070312,-0.09374182476199433,2025,2025-09
2025-09-25,28012.482788085938,30910.046997070312,-0.09374182476199433,2025,2025-09
2025-09-26,28012.482788085938,30910.046997070312,-0.09374182476199433,2025,2025-09
2025-09-29,28012.482788085938,30910.046997070312,-0.09374182476199433,2025,2025-09
2025-09-30,28012.482788085938,30910.046997070312,-0.09374182476199433,2025,2025-09
2025-10-01,28012.482788085938,30910.046997070312,-0.09374182476199433,2025,2025-10
2025-10-02,28012.482788085938,30910.046997070312,-0.09374182476199433,2025,2025-10
2025-10-03,28012.482788085938,30910.046997070312,-0.09374182476199433,2025,2025-10
2025-10-06,28012.482788085938,30910.046997070312,-0.09374182476199433,2025,2025-10
2025-10-07,28012.482788085938,30910.046997070312,-0.09374182476199433,2025,2025-10
2025-10-08,28012.482788085938,30910.046997070312,-0.09374182476199433,2025,2025-10
2025-10-09,28012.482788085938,30910.046997070312,-0.09374182476199433,2025,2025-10
2025-10-10,28012.482788085938,30910.046997070312,-0.09374182476199433,2025,2025-10
2025-10-14,28012.482788085938,30910.046997070312,-0.09374182476199433,2025,2025-10
2025-10-15,28012.482788085938,30910.046997070312,-0.09374182476199433,2025,2025-10
2025-10-16,28012.482788085938,30910.046997070312,-0.09374182476199433,2025,2025-10
2025-10-17,28012.482788085938,30910.046997070312,-0.09374182476199433,2025,2025-10
2025-10-20,28012.482788085938,30910.046997070312,-0.09374182476199433,2025,2025-10
2025-10-21,28012.482788085938,30910.046997070312,-0.09374182476199433,2025,2025-10
2025-10-22,28012.482788085938,30910.046997070312,-0.09374182476199433,2025,2025-10
2025-10-23,28012.482788085938,30910.046997070312,-0.09374182476199433,2025,2025-10
2025-10-24,28012.482788085938,30910.046997070312,-0.09374182476199433,2025,2025-10
2025-10-27,28012.482788085938,30910.046997070312,-0.09374182476199433,2025,2025-10
2025-10-28,28012.482788085938,30910.046997070312,-0.09374182476199433,2025,2025-10
2025-10-29,28012.482788085938,30910.046997070312,-0.09374182476199433,2025,2025-10
2025-10-30,28012.482788085938,30910.046997070312,-0.09374182476199433,2025,2025-10
2025-10-31,28012.482788085938,30910.046997070312,-0.09374182476199433,2025,2025-10
2025-11-04,28012.482788085938,30910.046997070312,-0.09374182476199433,2025,2025-11
2025-11-05,28012.482788085938,30910.046997070312,-0.09374182476199433,2025,2025-11
2025-11-06,28012.482788085938,30910.046997070312,-0.09374182476199433,2025,2025-11
2025-11-07,28012.482788085938,30910.046997070312,-0.09374182476199433,2025,2025-11
2025-11-10,28012.482788085938,30910.046997070312,-0.09374182476199433,2025,2025-11
2025-11-11,28012.482788085938,30910.046997070312,-0.09374182476199433,2025,2025-11
2025-11-12,28012.482788085938,30910.046997070312,-0.09374182476199433,2025,2025-11
2025-11-13,28012.482788085938,30910.046997070312,-0.09374182476199433,2025,2025-11
2025-11-14,28012.482788085938,30910.046997070312,-0.09374182476199433,2025,2025-11
2025-11-17,28012.482788085938,30910.046997070312,-0.09374182476199433,2025,2025-11
2025-11-18,28012.482788085938,30910.046997070312,-0.09374182476199433,2025,2025-11
2025-11-19,28012.482788085938,30910.046997070312,-0.09374182476199433,2025,2025-11
2025-11-20,28012.482788085938,30910.046997070312,-0.09374182476199433,2025,2025-11
2025-11-21,28012.482788085938,30910.046997070312,-0.09374182476199433,2025,2025-11
2025-11-25,28012.482788085938,30910.046997070312,-0.09374182476199433,2025,2025-11
2025-11-26,28012.482788085938,30910.046997070312,-0.09374182476199433,2025,2025-11
2025-11-27,28012.482788085938,30910.046997070312,-0.09374182476199433,2025,2025-11
2025-11-28,28012.482788085938,30910.046997070312,-0.09374182476199433,2025,2025-11
2025-12-01,28012.482788085938,30910.046997070312,-0.09374182476199433,2025,2025-12
2025-12-02,28012.482788085938,30910.046997070312,-0.09374182476199433,2025,2025-12
2025-12-03,28012.482788085938,30910.046997070312,-0.09374182476199433,2025,2025-12
2025-12-04,28012.482788085938,30910.046997070312,-0.09374182476199433,2025,2025-12
2025-12-05,28012.482788085938,30910.046997070312,-0.09374182476199433,2025,2025-12
2025-12-08,28012.482788085938,30910.046997070312,-0.09374182476199433,2025,2025-12
2025-12-09,28012.482788085938,30910.046997070312,-0.09374182476199433,2025,2025-12
2025-12-10,28012.482788085938,30910.046997070312,-0.09374182476199433,2025,2025-12
2025-12-11,28012.482788085938,30910.046997070312,-0.09374182476199433,2025,2025-12
2025-12-12,28012.482788085938,30910.046997070312,-0.09374182476199433,2025,2025-12
2025-12-15,28012.482788085938,30910.046997070312,-0.09374182476199433,2025,2025-12
2025-12-16,28012.482788085938,30910.046997070312,-0.09374182476199433,2025,2025-12
2025-12-17,28012.482788085938,30910.046997070312,-0.09374182476199433,2025,2025-12
2025-12-18,28012.482788085938,30910.046997070312,-0.09374182476199433,2025,2025-12
2025-12-19,28012.482788085938,30910.046997070312,-0.09374182476199433,2025,2025-12
2025-12-22,28505.793579101562,30910.046997070312,-0.077782263423819,2025,2025-12
2025-12-23,28722.632690429688,30910.046997070312,-0.07076709740518838,2025,2025-12
2025-12-24,28354.006469726562,30910.046997070312,-0.08269287094859523,2025,2025-12
2025-12-25,28391.953247070312,30910.046997070312,-0.08146521906740123,2025,2025-12
2025-12-26,28402.794799804688,30910.046997070312,-0.0811144737988676,2025,2025-12
2025-12-29,28522.057250976562,30910.046997070312,-0.07725610207969225,2025,2025-12
2025-12-30,28484.110473632812,30910.046997070312,-0.07848375396088636,2025,2025-12
2026-01-05,29047.892700195312,30910.046997070312,-0.06024430493591604,2026,2026-01
2026-01-06,29915.251831054688,30910.046997070312,-0.03218355397874073,2026,2026-01
2026-01-07,29850.199829101562,30910.046997070312,-0.03428811247259522,2026,2026-01
2026-01-08,29687.571166992188,30910.046997070312,-0.03954946526590508,2026,2026-01
2026-01-09,29687.571166992188,30910.046997070312,-0.03954946526590508,2026,2026-01
2026-01-13,29687.571166992188,30910.046997070312,-0.03954946526590508,2026,2026-01
2026-01-14,29687.571166992188,30910.046997070312,-0.03954946526590508,2026,2026-01
2026-01-15,29687.571166992188,30910.046997070312,-0.03954946526590508,2026,2026-01
2026-01-16,29687.571166992188,30910.046997070312,-0.03954946526590508,2026,2026-01
2026-01-19,29687.571166992188,30910.046997070312,-0.03954946526590508,2026,2026-01
2026-01-20,29687.571166992188,30910.046997070312,-0.03954946526590508,2026,2026-01
2026-01-21,29687.571166992188,30910.046997070312,-0.03954946526590508,2026,2026-01
2026-01-22,29687.571166992188,30910.046997070312,-0.03954946526590508,2026,2026-01
2026-01-23,29687.571166992188,30910.046997070312,-0.03954946526590508,2026,2026-01
2026-01-26,29687.571166992188,30910.046997070312,-0.03954946526590508,2026,2026-01
2026-01-27,29687.571166992188,30910.046997070312,-0.03954946526590508,2026,2026-01
2026-01-28,29687.571166992188,30910.046997070312,-0.03954946526590508,2026,2026-01
2026-01-29,29687.571166992188,30910.046997070312,-0.03954946526590508,2026,2026-01
2026-01-30,30485.571166992188,30910.046997070312,-0.013732616780503637,2026,2026-01
2026-02-02,30983.571166992188,30983.571166992188,0.0,2026,2026-02
2026-02-03,31271.571166992188,31271.571166992188,0.0,2026,2026-02
2026-02-04,31499.571166992188,31499.571166992188,0.0,2026,2026-02
2026-02-05,31631.571166992188,31631.571166992188,0.0,2026,2026-02
2026-02-06,31595.571166992188,31631.571166992188,-0.0011381034413354696,2026,2026-02
2026-02-09,31823.571166992188,31823.571166992188,0.0,2026,2026-02
2026-02-10,31949.571166992188,31949.571166992188,0.0,2026,2026-02
2026-02-12,31781.571166992188,31949.571166992188,-0.005258286539181034,2026,2026-02
2026-02-13,31319.571166992188,31949.571166992188,-0.01971857452192871,2026,2026-02
2026-02-16,31175.571166992188,31949.571166992188,-0.024225677269798074,2026,2026-02
2026-02-17,31175.571166992188,31949.571166992188,-0.024225677269798074,2026,2026-02
2026-02-18,31175.571166992188,31949.571166992188,-0.024225677269798074,2026,2026-02
2026-02-19,31175.571166992188,31949.571166992188,-0.024225677269798074,2026,2026-02
2026-02-20,31175.571166992188,31949.571166992188,-0.024225677269798074,2026,2026-02
2026-02-24,31175.571166992188,31949.571166992188,-0.024225677269798074,2026,2026-02
2026-02-25,31175.571166992188,31949.571166992188,-0.024225677269798074,2026,2026-02
2026-02-26,31175.571166992188,31949.571166992188,-0.024225677269798074,2026,2026-02
2026-02-27,31175.571166992188,31949.571166992188,-0.024225677269798074,2026,2026-02
2026-03-02,31175.571166992188,31949.571166992188,-0.024225677269798074,2026,2026-03
2026-03-03,31175.571166992188,31949.571166992188,-0.024225677269798074,2026,2026-03
2026-03-04,31175.571166992188,31949.571166992188,-0.024225677269798074,2026,2026-03
2026-03-05,31175.571166992188,31949.571166992188,-0.024225677269798074,2026,2026-03
2026-03-06,31175.571166992188,31949.571166992188,-0.024225677269798074,2026,2026-03
2026-03-09,31175.571166992188,31949.571166992188,-0.024225677269798074,2026,2026-03
2026-03-10,31175.571166992188,31949.571166992188,-0.024225677269798074,2026,2026-03
2026-03-11,31175.571166992188,31949.571166992188,-0.024225677269798074,2026,2026-03
2026-03-12,31175.571166992188,31949.571166992188,-0.024225677269798074,2026,2026-03
2026-03-13,31175.571166992188,31949.571166992188,-0.024225677269798074,2026,2026-03
2026-03-16,31175.571166992188,31949.571166992188,-0.024225677269798074,2026,2026-03
2026-03-17,31175.571166992188,31949.571166992188,-0.024225677269798074,2026,2026-03
2026-03-18,31175.571166992188,31949.571166992188,-0.024225677269798074,2026,2026-03
2026-03-19,31175.571166992188,31949.571166992188,-0.024225677269798074,2026,2026-03
2026-03-23,31175.571166992188,31949.571166992188,-0.024225677269798074,2026,2026-03
2026-03-24,31175.571166992188,31949.571166992188,-0.024225677269798074,2026,2026-03
2026-03-25,31175.571166992188,31949.571166992188,-0.024225677269798074,2026,2026-03
2026-03-26,31175.571166992188,31949.571166992188,-0.024225677269798074,2026,2026-03
2026-03-27,31175.571166992188,31949.571166992188,-0.024225677269798074,2026,2026-03
2026-03-30,31175.571166992188,31949.571166992188,-0.024225677269798074,2026,2026-03
2026-03-31,31175.571166992188,31949.571166992188,-0.024225677269798074,2026,2026-03
2026-04-01,31175.571166992188,31949.571166992188,-0.024225677269798074,2026,2026-04
2026-04-02,31175.571166992188,31949.571166992188,-0.024225677269798074,2026,2026-04
2026-04-03,31175.571166992188,31949.571166992188,-0.024225677269798074,2026,2026-04
2026-04-06,31175.571166992188,31949.571166992188,-0.024225677269798074,2026,2026-04
2026-04-07,31175.571166992188,31949.571166992188,-0.024225677269798074,2026,2026-04
2026-04-08,31175.571166992188,31949.571166992188,-0.024225677269798074,2026,2026-04
2026-04-09,31175.571166992188,31949.571166992188,-0.024225677269798074,2026,2026-04
2026-04-10,31175.571166992188,31949.571166992188,-0.024225677269798074,2026,2026-04
2026-04-13,31175.571166992188,31949.571166992188,-0.024225677269798074,2026,2026-04
2026-04-14,31175.571166992188,31949.571166992188,-0.024225677269798074,2026,2026-04
2026-04-15,31175.571166992188,31949.571166992188,-0.024225677269798074,2026,2026-04
2026-04-16,31175.571166992188,31949.571166992188,-0.024225677269798074,2026,2026-04
2026-04-17,31175.571166992188,31949.571166992188,-0.024225677269798074,2026,2026-04
2026-04-20,31175.571166992188,31949.571166992188,-0.024225677269798074,2026,2026-04
2026-04-21,31175.571166992188,31949.571166992188,-0.024225677269798074,2026,2026-04
2026-04-22,31175.571166992188,31949.571166992188,-0.024225677269798074,2026,2026-04
2026-04-23,31175.571166992188,31949.571166992188,-0.024225677269798074,2026,2026-04
2026-04-24,31175.571166992188,31949.571166992188,-0.024225677269798074,2026,2026-04
2026-04-27,31175.571166992188,31949.571166992188,-0.024225677269798074,2026,2026-04
2026-04-28,31175.571166992188,31949.571166992188,-0.024225677269798074,2026,2026-04
